﻿<?xml version="1.0" encoding="utf-8"?>
<TextureAtlas imagePath="char.png">
	<!-- Created with Adobe Animate version 22.0.5.191 -->
	<!-- http://www.adobe.com/products/animate.html -->
	<SubTexture name="BF HEY!!0000" x="0" y="0" width="325" height="439" frameX="0" frameY="-2" frameWidth="325" frameHeight="441"/>
	<SubTexture name="BF HEY!!0001" x="0" y="0" width="325" height="439" frameX="0" frameY="-2" frameWidth="325" frameHeight="441"/>
	<SubTexture name="BF HEY!!0002" x="328" y="0" width="304" height="441" frameX="-11" frameY="0" frameWidth="325" frameHeight="441"/>
	<SubTexture name="BF HEY!!0003" x="328" y="0" width="304" height="441" frameX="-11" frameY="0" frameWidth="325" frameHeight="441"/>
	<SubTexture name="BF HEY!!0004" x="635" y="0" width="307" height="441" frameX="-11" frameY="0" frameWidth="325" frameHeight="441"/>
	<SubTexture name="BF HEY!!0005" x="635" y="0" width="307" height="441" frameX="-11" frameY="0" frameWidth="325" frameHeight="441"/>
	<SubTexture name="BF HEY!!0006" x="635" y="0" width="307" height="441" frameX="-11" frameY="0" frameWidth="325" frameHeight="441"/>
	<SubTexture name="BF HEY!!0007" x="635" y="0" width="307" height="441" frameX="-11" frameY="0" frameWidth="325" frameHeight="441"/>
	<SubTexture name="BF HEY!!0008" x="635" y="0" width="307" height="441" frameX="-11" frameY="0" frameWidth="325" frameHeight="441"/>
	<SubTexture name="BF HEY!!0009" x="635" y="0" width="307" height="441" frameX="-11" frameY="0" frameWidth="325" frameHeight="441"/>
	<SubTexture name="BF HEY!!0010" x="635" y="0" width="307" height="441" frameX="-11" frameY="0" frameWidth="325" frameHeight="441"/>
	<SubTexture name="BF HEY!!0011" x="635" y="0" width="307" height="441" frameX="-11" frameY="0" frameWidth="325" frameHeight="441"/>
	<SubTexture name="BF HEY!!0012" x="635" y="0" width="307" height="441" frameX="-11" frameY="0" frameWidth="325" frameHeight="441"/>
	<SubTexture name="BF HEY!!0013" x="635" y="0" width="307" height="441" frameX="-11" frameY="0" frameWidth="325" frameHeight="441"/>
	<SubTexture name="BF HEY!!0014" x="635" y="0" width="307" height="441" frameX="-11" frameY="0" frameWidth="325" frameHeight="441"/>
	<SubTexture name="BF HEY!!0015" x="635" y="0" width="307" height="441" frameX="-11" frameY="0" frameWidth="325" frameHeight="441"/>
	<SubTexture name="BF HEY!!0016" x="635" y="0" width="307" height="441" frameX="-11" frameY="0" frameWidth="325" frameHeight="441"/>
	<SubTexture name="BF HEY!!0017" x="635" y="0" width="307" height="441" frameX="-11" frameY="0" frameWidth="325" frameHeight="441"/>
	<SubTexture name="BF HEY!!0018" x="635" y="0" width="307" height="441" frameX="-11" frameY="0" frameWidth="325" frameHeight="441"/>
	<SubTexture name="BF HEY!!0019" x="635" y="0" width="307" height="441" frameX="-11" frameY="0" frameWidth="325" frameHeight="441"/>
	<SubTexture name="BF HEY!!0020" x="635" y="0" width="307" height="441" frameX="-11" frameY="0" frameWidth="325" frameHeight="441"/>
	<SubTexture name="BF HEY!!0021" x="635" y="0" width="307" height="441" frameX="-11" frameY="0" frameWidth="325" frameHeight="441"/>
	<SubTexture name="BF HEY!!0022" x="635" y="0" width="307" height="441" frameX="-11" frameY="0" frameWidth="325" frameHeight="441"/>
	<SubTexture name="BF HEY!!0023" x="635" y="0" width="307" height="441" frameX="-11" frameY="0" frameWidth="325" frameHeight="441"/>
	<SubTexture name="BF HEY!!0024" x="635" y="0" width="307" height="441" frameX="-11" frameY="0" frameWidth="325" frameHeight="441"/>
	<SubTexture name="BF HEY!!0025" x="635" y="0" width="307" height="441" frameX="-11" frameY="0" frameWidth="325" frameHeight="441"/>
	<SubTexture name="BF NOTE DOWN MISS0000" x="945" y="0" width="298" height="385" frameX="-1" frameY="-5" frameWidth="299" frameHeight="390"/>
	<SubTexture name="BF NOTE DOWN MISS0001" x="1246" y="0" width="277" height="376" frameX="-1" frameY="0" frameWidth="299" frameHeight="390"/>
	<SubTexture name="BF NOTE DOWN MISS0002" x="1246" y="0" width="277" height="376" frameX="-1" frameY="0" frameWidth="299" frameHeight="390"/>
	<SubTexture name="BF NOTE DOWN MISS0003" x="1526" y="0" width="278" height="372" frameX="0" frameY="-4" frameWidth="299" frameHeight="390"/>
	<SubTexture name="BF NOTE DOWN MISS0004" x="1526" y="0" width="278" height="372" frameX="0" frameY="-4" frameWidth="299" frameHeight="390"/>
	<SubTexture name="BF NOTE DOWN MISS0005" x="1526" y="0" width="278" height="372" frameX="0" frameY="-4" frameWidth="299" frameHeight="390"/>
	<SubTexture name="BF NOTE DOWN MISS0006" x="1526" y="0" width="278" height="372" frameX="0" frameY="-4" frameWidth="299" frameHeight="390"/>
	<SubTexture name="BF NOTE DOWN MISS0007" x="1526" y="0" width="278" height="372" frameX="0" frameY="-4" frameWidth="299" frameHeight="390"/>
	<SubTexture name="BF NOTE DOWN MISS0008" x="1526" y="0" width="278" height="372" frameX="0" frameY="-4" frameWidth="299" frameHeight="390"/>
	<SubTexture name="BF NOTE DOWN MISS0009" x="1526" y="0" width="278" height="372" frameX="0" frameY="-4" frameWidth="299" frameHeight="390"/>
	<SubTexture name="BF NOTE DOWN MISS0010" x="1526" y="0" width="278" height="372" frameX="0" frameY="-4" frameWidth="299" frameHeight="390"/>
	<SubTexture name="BF NOTE DOWN MISS0011" x="1526" y="0" width="278" height="372" frameX="0" frameY="-4" frameWidth="299" frameHeight="390"/>
	<SubTexture name="BF NOTE DOWN MISS0012" x="1526" y="0" width="278" height="372" frameX="0" frameY="-4" frameWidth="299" frameHeight="390"/>
	<SubTexture name="BF NOTE DOWN MISS0013" x="1526" y="0" width="278" height="372" frameX="0" frameY="-4" frameWidth="299" frameHeight="390"/>
	<SubTexture name="BF NOTE DOWN MISS0014" x="1526" y="0" width="278" height="372" frameX="0" frameY="-4" frameWidth="299" frameHeight="390"/>
	<SubTexture name="BF NOTE DOWN MISS0015" x="1526" y="0" width="278" height="372" frameX="0" frameY="-4" frameWidth="299" frameHeight="390"/>
	<SubTexture name="BF NOTE DOWN MISS0016" x="1526" y="0" width="278" height="372" frameX="0" frameY="-4" frameWidth="299" frameHeight="390"/>
	<SubTexture name="BF NOTE DOWN MISS0017" x="1526" y="0" width="278" height="372" frameX="0" frameY="-4" frameWidth="299" frameHeight="390"/>
	<SubTexture name="BF NOTE DOWN MISS0018" x="1526" y="0" width="278" height="372" frameX="0" frameY="-4" frameWidth="299" frameHeight="390"/>
	<SubTexture name="BF NOTE DOWN MISS0019" x="1526" y="0" width="278" height="372" frameX="0" frameY="-4" frameWidth="299" frameHeight="390"/>
	<SubTexture name="BF NOTE DOWN MISS0020" x="1526" y="0" width="278" height="372" frameX="0" frameY="-4" frameWidth="299" frameHeight="390"/>
	<SubTexture name="BF NOTE DOWN MISS0021" x="1526" y="0" width="278" height="372" frameX="0" frameY="-4" frameWidth="299" frameHeight="390"/>
	<SubTexture name="BF NOTE DOWN MISS0022" x="1526" y="0" width="278" height="372" frameX="0" frameY="-4" frameWidth="299" frameHeight="390"/>
	<SubTexture name="BF NOTE DOWN MISS0023" x="1526" y="0" width="278" height="372" frameX="0" frameY="-4" frameWidth="299" frameHeight="390"/>
	<SubTexture name="BF NOTE DOWN MISS0024" x="1526" y="0" width="278" height="372" frameX="0" frameY="-4" frameWidth="299" frameHeight="390"/>
	<SubTexture name="BF NOTE DOWN MISS0025" x="1526" y="0" width="278" height="372" frameX="0" frameY="-4" frameWidth="299" frameHeight="390"/>
	<SubTexture name="BF NOTE DOWN MISS0026" x="1526" y="0" width="278" height="372" frameX="0" frameY="-4" frameWidth="299" frameHeight="390"/>
	<SubTexture name="BF NOTE DOWN MISS0027" x="1526" y="0" width="278" height="372" frameX="0" frameY="-4" frameWidth="299" frameHeight="390"/>
	<SubTexture name="BF NOTE DOWN MISS0028" x="1526" y="0" width="278" height="372" frameX="0" frameY="-4" frameWidth="299" frameHeight="390"/>
	<SubTexture name="BF NOTE DOWN MISS0029" x="1526" y="0" width="278" height="372" frameX="0" frameY="-4" frameWidth="299" frameHeight="390"/>
	<SubTexture name="BF NOTE DOWN MISS0030" x="1526" y="0" width="278" height="372" frameX="0" frameY="-4" frameWidth="299" frameHeight="390"/>
	<SubTexture name="BF NOTE DOWN MISS0031" x="1526" y="0" width="278" height="372" frameX="0" frameY="-4" frameWidth="299" frameHeight="390"/>
	<SubTexture name="BF NOTE DOWN MISS0032" x="1526" y="0" width="278" height="372" frameX="0" frameY="-4" frameWidth="299" frameHeight="390"/>
	<SubTexture name="BF NOTE DOWN MISS0033" x="1526" y="0" width="278" height="372" frameX="0" frameY="-4" frameWidth="299" frameHeight="390"/>
	<SubTexture name="BF NOTE DOWN MISS0034" x="1526" y="0" width="278" height="372" frameX="0" frameY="-4" frameWidth="299" frameHeight="390"/>
	<SubTexture name="BF NOTE DOWN0000" x="1807" y="0" width="298" height="385" frameX="0" frameY="-3" frameWidth="298" frameHeight="388"/>
	<SubTexture name="BF NOTE DOWN0001" x="1807" y="0" width="298" height="385" frameX="0" frameY="-3" frameWidth="298" frameHeight="388"/>
	<SubTexture name="BF NOTE DOWN0002" x="2108" y="0" width="292" height="387" frameX="-3" frameY="0" frameWidth="298" frameHeight="388"/>
	<SubTexture name="BF NOTE DOWN0003" x="2108" y="0" width="292" height="387" frameX="-3" frameY="0" frameWidth="298" frameHeight="388"/>
	<SubTexture name="BF NOTE DOWN0004" x="2108" y="0" width="292" height="387" frameX="-3" frameY="0" frameWidth="298" frameHeight="388"/>
	<SubTexture name="BF NOTE DOWN0005" x="2108" y="0" width="292" height="387" frameX="-3" frameY="0" frameWidth="298" frameHeight="388"/>
	<SubTexture name="BF NOTE DOWN0006" x="2108" y="0" width="292" height="387" frameX="-3" frameY="0" frameWidth="298" frameHeight="388"/>
	<SubTexture name="BF NOTE DOWN0007" x="2403" y="0" width="283" height="374" frameX="-3" frameY="0" frameWidth="298" frameHeight="388"/>
	<SubTexture name="BF NOTE DOWN0008" x="2403" y="0" width="283" height="374" frameX="-3" frameY="0" frameWidth="298" frameHeight="388"/>
	<SubTexture name="BF NOTE DOWN0009" x="2403" y="0" width="283" height="374" frameX="-3" frameY="0" frameWidth="298" frameHeight="388"/>
	<SubTexture name="BF NOTE DOWN0010" x="2403" y="0" width="283" height="374" frameX="-3" frameY="0" frameWidth="298" frameHeight="388"/>
	<SubTexture name="BF NOTE DOWN0011" x="2403" y="0" width="283" height="374" frameX="-3" frameY="0" frameWidth="298" frameHeight="388"/>
	<SubTexture name="BF NOTE DOWN0012" x="2403" y="0" width="283" height="374" frameX="-3" frameY="0" frameWidth="298" frameHeight="388"/>
	<SubTexture name="BF NOTE DOWN0013" x="2403" y="0" width="283" height="374" frameX="-3" frameY="0" frameWidth="298" frameHeight="388"/>
	<SubTexture name="BF NOTE LEFT MISS0000" x="2689" y="0" width="288" height="439" frameX="0" frameY="-6" frameWidth="288" frameHeight="445"/>
	<SubTexture name="BF NOTE LEFT MISS0001" x="2980" y="0" width="282" height="445" frameX="-6" frameY="0" frameWidth="288" frameHeight="445"/>
	<SubTexture name="BF NOTE LEFT MISS0002" x="2980" y="0" width="282" height="445" frameX="-6" frameY="0" frameWidth="288" frameHeight="445"/>
	<SubTexture name="BF NOTE LEFT MISS0003" x="3265" y="0" width="285" height="445" frameX="-3" frameY="0" frameWidth="288" frameHeight="445"/>
	<SubTexture name="BF NOTE LEFT MISS0004" x="3265" y="0" width="285" height="445" frameX="-3" frameY="0" frameWidth="288" frameHeight="445"/>
	<SubTexture name="BF NOTE LEFT MISS0005" x="3265" y="0" width="285" height="445" frameX="-3" frameY="0" frameWidth="288" frameHeight="445"/>
	<SubTexture name="BF NOTE LEFT MISS0006" x="3265" y="0" width="285" height="445" frameX="-3" frameY="0" frameWidth="288" frameHeight="445"/>
	<SubTexture name="BF NOTE LEFT MISS0007" x="3265" y="0" width="285" height="445" frameX="-3" frameY="0" frameWidth="288" frameHeight="445"/>
	<SubTexture name="BF NOTE LEFT MISS0008" x="3265" y="0" width="285" height="445" frameX="-3" frameY="0" frameWidth="288" frameHeight="445"/>
	<SubTexture name="BF NOTE LEFT MISS0009" x="3265" y="0" width="285" height="445" frameX="-3" frameY="0" frameWidth="288" frameHeight="445"/>
	<SubTexture name="BF NOTE LEFT MISS0010" x="3265" y="0" width="285" height="445" frameX="-3" frameY="0" frameWidth="288" frameHeight="445"/>
	<SubTexture name="BF NOTE LEFT MISS0011" x="3265" y="0" width="285" height="445" frameX="-3" frameY="0" frameWidth="288" frameHeight="445"/>
	<SubTexture name="BF NOTE LEFT MISS0012" x="3265" y="0" width="285" height="445" frameX="-3" frameY="0" frameWidth="288" frameHeight="445"/>
	<SubTexture name="BF NOTE LEFT MISS0013" x="3265" y="0" width="285" height="445" frameX="-3" frameY="0" frameWidth="288" frameHeight="445"/>
	<SubTexture name="BF NOTE LEFT MISS0014" x="3265" y="0" width="285" height="445" frameX="-3" frameY="0" frameWidth="288" frameHeight="445"/>
	<SubTexture name="BF NOTE LEFT MISS0015" x="3265" y="0" width="285" height="445" frameX="-3" frameY="0" frameWidth="288" frameHeight="445"/>
	<SubTexture name="BF NOTE LEFT MISS0016" x="3265" y="0" width="285" height="445" frameX="-3" frameY="0" frameWidth="288" frameHeight="445"/>
	<SubTexture name="BF NOTE LEFT MISS0017" x="3265" y="0" width="285" height="445" frameX="-3" frameY="0" frameWidth="288" frameHeight="445"/>
	<SubTexture name="BF NOTE LEFT MISS0018" x="3265" y="0" width="285" height="445" frameX="-3" frameY="0" frameWidth="288" frameHeight="445"/>
	<SubTexture name="BF NOTE LEFT MISS0019" x="3265" y="0" width="285" height="445" frameX="-3" frameY="0" frameWidth="288" frameHeight="445"/>
	<SubTexture name="BF NOTE LEFT MISS0020" x="3265" y="0" width="285" height="445" frameX="-3" frameY="0" frameWidth="288" frameHeight="445"/>
	<SubTexture name="BF NOTE LEFT MISS0021" x="3265" y="0" width="285" height="445" frameX="-3" frameY="0" frameWidth="288" frameHeight="445"/>
	<SubTexture name="BF NOTE LEFT MISS0022" x="3265" y="0" width="285" height="445" frameX="-3" frameY="0" frameWidth="288" frameHeight="445"/>
	<SubTexture name="BF NOTE LEFT MISS0023" x="3265" y="0" width="285" height="445" frameX="-3" frameY="0" frameWidth="288" frameHeight="445"/>
	<SubTexture name="BF NOTE LEFT MISS0024" x="3265" y="0" width="285" height="445" frameX="-3" frameY="0" frameWidth="288" frameHeight="445"/>
	<SubTexture name="BF NOTE LEFT MISS0025" x="3265" y="0" width="285" height="445" frameX="-3" frameY="0" frameWidth="288" frameHeight="445"/>
	<SubTexture name="BF NOTE LEFT MISS0026" x="3265" y="0" width="285" height="445" frameX="-3" frameY="0" frameWidth="288" frameHeight="445"/>
	<SubTexture name="BF NOTE LEFT MISS0027" x="3265" y="0" width="285" height="445" frameX="-3" frameY="0" frameWidth="288" frameHeight="445"/>
	<SubTexture name="BF NOTE LEFT MISS0028" x="3265" y="0" width="285" height="445" frameX="-3" frameY="0" frameWidth="288" frameHeight="445"/>
	<SubTexture name="BF NOTE LEFT MISS0029" x="3265" y="0" width="285" height="445" frameX="-3" frameY="0" frameWidth="288" frameHeight="445"/>
	<SubTexture name="BF NOTE LEFT MISS0030" x="3265" y="0" width="285" height="445" frameX="-3" frameY="0" frameWidth="288" frameHeight="445"/>
	<SubTexture name="BF NOTE LEFT MISS0031" x="3265" y="0" width="285" height="445" frameX="-3" frameY="0" frameWidth="288" frameHeight="445"/>
	<SubTexture name="BF NOTE LEFT MISS0032" x="3265" y="0" width="285" height="445" frameX="-3" frameY="0" frameWidth="288" frameHeight="445"/>
	<SubTexture name="BF NOTE LEFT MISS0033" x="3265" y="0" width="285" height="445" frameX="-3" frameY="0" frameWidth="288" frameHeight="445"/>
	<SubTexture name="BF NOTE LEFT MISS0034" x="3265" y="0" width="285" height="445" frameX="-3" frameY="0" frameWidth="288" frameHeight="445"/>
	<SubTexture name="BF NOTE LEFT0000" x="2689" y="0" width="288" height="439" frameX="0" frameY="0" frameWidth="288" frameHeight="445"/>
	<SubTexture name="BF NOTE LEFT0001" x="2689" y="0" width="288" height="439" frameX="0" frameY="0" frameWidth="288" frameHeight="445"/>
	<SubTexture name="BF NOTE LEFT0002" x="3553" y="0" width="285" height="436" frameX="-4" frameY="-2" frameWidth="289" frameHeight="438"/>
	<SubTexture name="BF NOTE LEFT0003" x="0" y="448" width="285" height="436" frameX="-4" frameY="-2" frameWidth="289" frameHeight="438"/>
	<SubTexture name="BF NOTE LEFT0004" x="288" y="448" width="285" height="436" frameX="-4" frameY="-2" frameWidth="289" frameHeight="438"/>
	<SubTexture name="BF NOTE LEFT0005" x="576" y="448" width="273" height="424" frameX="-4" frameY="-2" frameWidth="289" frameHeight="438"/>
	<SubTexture name="BF NOTE LEFT0006" x="576" y="448" width="273" height="424" frameX="-4" frameY="-2" frameWidth="289" frameHeight="438"/>
	<SubTexture name="BF NOTE LEFT0007" x="576" y="448" width="273" height="424" frameX="-4" frameY="-2" frameWidth="289" frameHeight="438"/>
	<SubTexture name="BF NOTE LEFT0008" x="576" y="448" width="273" height="424" frameX="-4" frameY="-2" frameWidth="289" frameHeight="438"/>
	<SubTexture name="BF NOTE LEFT0009" x="576" y="448" width="273" height="424" frameX="-4" frameY="-2" frameWidth="289" frameHeight="438"/>
	<SubTexture name="BF NOTE LEFT0010" x="576" y="448" width="273" height="424" frameX="-4" frameY="-2" frameWidth="289" frameHeight="438"/>
	<SubTexture name="BF NOTE LEFT0011" x="576" y="448" width="273" height="424" frameX="-4" frameY="-2" frameWidth="289" frameHeight="438"/>
	<SubTexture name="BF NOTE LEFT0012" x="576" y="448" width="273" height="424" frameX="-4" frameY="-2" frameWidth="289" frameHeight="438"/>
	<SubTexture name="BF NOTE LEFT0013" x="576" y="448" width="273" height="424" frameX="-4" frameY="-2" frameWidth="289" frameHeight="438"/>
	<SubTexture name="BF NOTE RIGHT MISS0000" x="852" y="448" width="301" height="449" frameX="0" frameY="-1" frameWidth="301" frameHeight="450"/>
	<SubTexture name="BF NOTE RIGHT MISS0001" x="1156" y="448" width="294" height="449" frameX="-1" frameY="0" frameWidth="301" frameHeight="450"/>
	<SubTexture name="BF NOTE RIGHT MISS0002" x="1156" y="448" width="294" height="449" frameX="-1" frameY="0" frameWidth="301" frameHeight="450"/>
	<SubTexture name="BF NOTE RIGHT MISS0003" x="1453" y="448" width="300" height="449" frameX="-1" frameY="0" frameWidth="301" frameHeight="450"/>
	<SubTexture name="BF NOTE RIGHT MISS0004" x="1453" y="448" width="300" height="449" frameX="-1" frameY="0" frameWidth="301" frameHeight="450"/>
	<SubTexture name="BF NOTE RIGHT MISS0005" x="1453" y="448" width="300" height="449" frameX="-1" frameY="0" frameWidth="301" frameHeight="450"/>
	<SubTexture name="BF NOTE RIGHT MISS0006" x="1453" y="448" width="300" height="449" frameX="-1" frameY="0" frameWidth="301" frameHeight="450"/>
	<SubTexture name="BF NOTE RIGHT MISS0007" x="1453" y="448" width="300" height="449" frameX="-1" frameY="0" frameWidth="301" frameHeight="450"/>
	<SubTexture name="BF NOTE RIGHT MISS0008" x="1453" y="448" width="300" height="449" frameX="-1" frameY="0" frameWidth="301" frameHeight="450"/>
	<SubTexture name="BF NOTE RIGHT MISS0009" x="1453" y="448" width="300" height="449" frameX="-1" frameY="0" frameWidth="301" frameHeight="450"/>
	<SubTexture name="BF NOTE RIGHT MISS0010" x="1453" y="448" width="300" height="449" frameX="-1" frameY="0" frameWidth="301" frameHeight="450"/>
	<SubTexture name="BF NOTE RIGHT MISS0011" x="1453" y="448" width="300" height="449" frameX="-1" frameY="0" frameWidth="301" frameHeight="450"/>
	<SubTexture name="BF NOTE RIGHT MISS0012" x="1453" y="448" width="300" height="449" frameX="-1" frameY="0" frameWidth="301" frameHeight="450"/>
	<SubTexture name="BF NOTE RIGHT MISS0013" x="1453" y="448" width="300" height="449" frameX="-1" frameY="0" frameWidth="301" frameHeight="450"/>
	<SubTexture name="BF NOTE RIGHT MISS0014" x="1453" y="448" width="300" height="449" frameX="-1" frameY="0" frameWidth="301" frameHeight="450"/>
	<SubTexture name="BF NOTE RIGHT MISS0015" x="1453" y="448" width="300" height="449" frameX="-1" frameY="0" frameWidth="301" frameHeight="450"/>
	<SubTexture name="BF NOTE RIGHT MISS0016" x="1453" y="448" width="300" height="449" frameX="-1" frameY="0" frameWidth="301" frameHeight="450"/>
	<SubTexture name="BF NOTE RIGHT MISS0017" x="1453" y="448" width="300" height="449" frameX="-1" frameY="0" frameWidth="301" frameHeight="450"/>
	<SubTexture name="BF NOTE RIGHT MISS0018" x="1453" y="448" width="300" height="449" frameX="-1" frameY="0" frameWidth="301" frameHeight="450"/>
	<SubTexture name="BF NOTE RIGHT MISS0019" x="1453" y="448" width="300" height="449" frameX="-1" frameY="0" frameWidth="301" frameHeight="450"/>
	<SubTexture name="BF NOTE RIGHT MISS0020" x="1453" y="448" width="300" height="449" frameX="-1" frameY="0" frameWidth="301" frameHeight="450"/>
	<SubTexture name="BF NOTE RIGHT MISS0021" x="1453" y="448" width="300" height="449" frameX="-1" frameY="0" frameWidth="301" frameHeight="450"/>
	<SubTexture name="BF NOTE RIGHT MISS0022" x="1453" y="448" width="300" height="449" frameX="-1" frameY="0" frameWidth="301" frameHeight="450"/>
	<SubTexture name="BF NOTE RIGHT MISS0023" x="1453" y="448" width="300" height="449" frameX="-1" frameY="0" frameWidth="301" frameHeight="450"/>
	<SubTexture name="BF NOTE RIGHT MISS0024" x="1453" y="448" width="300" height="449" frameX="-1" frameY="0" frameWidth="301" frameHeight="450"/>
	<SubTexture name="BF NOTE RIGHT MISS0025" x="1453" y="448" width="300" height="449" frameX="-1" frameY="0" frameWidth="301" frameHeight="450"/>
	<SubTexture name="BF NOTE RIGHT MISS0026" x="1453" y="448" width="300" height="449" frameX="-1" frameY="0" frameWidth="301" frameHeight="450"/>
	<SubTexture name="BF NOTE RIGHT MISS0027" x="1453" y="448" width="300" height="449" frameX="-1" frameY="0" frameWidth="301" frameHeight="450"/>
	<SubTexture name="BF NOTE RIGHT MISS0028" x="1453" y="448" width="300" height="449" frameX="-1" frameY="0" frameWidth="301" frameHeight="450"/>
	<SubTexture name="BF NOTE RIGHT MISS0029" x="1453" y="448" width="300" height="449" frameX="-1" frameY="0" frameWidth="301" frameHeight="450"/>
	<SubTexture name="BF NOTE RIGHT MISS0030" x="1453" y="448" width="300" height="449" frameX="-1" frameY="0" frameWidth="301" frameHeight="450"/>
	<SubTexture name="BF NOTE RIGHT MISS0031" x="1453" y="448" width="300" height="449" frameX="-1" frameY="0" frameWidth="301" frameHeight="450"/>
	<SubTexture name="BF NOTE RIGHT MISS0032" x="1453" y="448" width="300" height="449" frameX="-1" frameY="0" frameWidth="301" frameHeight="450"/>
	<SubTexture name="BF NOTE RIGHT MISS0033" x="1453" y="448" width="300" height="449" frameX="-1" frameY="0" frameWidth="301" frameHeight="450"/>
	<SubTexture name="BF NOTE RIGHT MISS0034" x="1453" y="448" width="300" height="449" frameX="-1" frameY="0" frameWidth="301" frameHeight="450"/>
	<SubTexture name="BF NOTE RIGHT0000" x="852" y="448" width="301" height="449" frameX="0" frameY="0" frameWidth="301" frameHeight="450"/>
	<SubTexture name="BF NOTE RIGHT0001" x="852" y="448" width="301" height="449" frameX="0" frameY="0" frameWidth="301" frameHeight="450"/>
	<SubTexture name="BF NOTE RIGHT0002" x="1756" y="448" width="300" height="449" frameX="0" frameY="0" frameWidth="301" frameHeight="449"/>
	<SubTexture name="BF NOTE RIGHT0003" x="1756" y="448" width="300" height="449" frameX="0" frameY="0" frameWidth="301" frameHeight="449"/>
	<SubTexture name="BF NOTE RIGHT0004" x="1756" y="448" width="300" height="449" frameX="0" frameY="0" frameWidth="301" frameHeight="449"/>
	<SubTexture name="BF NOTE RIGHT0005" x="2059" y="448" width="292" height="437" frameX="-8" frameY="0" frameWidth="301" frameHeight="449"/>
	<SubTexture name="BF NOTE RIGHT0006" x="2059" y="448" width="292" height="437" frameX="-8" frameY="0" frameWidth="301" frameHeight="449"/>
	<SubTexture name="BF NOTE RIGHT0007" x="2059" y="448" width="292" height="437" frameX="-8" frameY="0" frameWidth="301" frameHeight="449"/>
	<SubTexture name="BF NOTE RIGHT0008" x="2059" y="448" width="292" height="437" frameX="-8" frameY="0" frameWidth="301" frameHeight="449"/>
	<SubTexture name="BF NOTE RIGHT0009" x="2059" y="448" width="292" height="437" frameX="-8" frameY="0" frameWidth="301" frameHeight="449"/>
	<SubTexture name="BF NOTE RIGHT0010" x="2059" y="448" width="292" height="437" frameX="-8" frameY="0" frameWidth="301" frameHeight="449"/>
	<SubTexture name="BF NOTE RIGHT0011" x="2059" y="448" width="292" height="437" frameX="-8" frameY="0" frameWidth="301" frameHeight="449"/>
	<SubTexture name="BF NOTE RIGHT0012" x="2059" y="448" width="292" height="437" frameX="-8" frameY="0" frameWidth="301" frameHeight="449"/>
	<SubTexture name="BF NOTE RIGHT0013" x="2059" y="448" width="292" height="437" frameX="-8" frameY="0" frameWidth="301" frameHeight="449"/>
	<SubTexture name="BF NOTE UP MISS0000" x="2354" y="448" width="356" height="469" frameX="-2" frameY="-49" frameWidth="359" frameHeight="518"/>
	<SubTexture name="BF NOTE UP MISS0001" x="2713" y="448" width="359" height="514" frameX="0" frameY="-4" frameWidth="359" frameHeight="518"/>
	<SubTexture name="BF NOTE UP MISS0002" x="2713" y="448" width="359" height="514" frameX="0" frameY="-4" frameWidth="359" frameHeight="518"/>
	<SubTexture name="BF NOTE UP MISS0003" x="3075" y="448" width="356" height="518" frameX="-1" frameY="0" frameWidth="359" frameHeight="518"/>
	<SubTexture name="BF NOTE UP MISS0004" x="3075" y="448" width="356" height="518" frameX="-1" frameY="0" frameWidth="359" frameHeight="518"/>
	<SubTexture name="BF NOTE UP MISS0005" x="3075" y="448" width="356" height="518" frameX="-1" frameY="0" frameWidth="359" frameHeight="518"/>
	<SubTexture name="BF NOTE UP MISS0006" x="3075" y="448" width="356" height="518" frameX="-1" frameY="0" frameWidth="359" frameHeight="518"/>
	<SubTexture name="BF NOTE UP MISS0007" x="3075" y="448" width="356" height="518" frameX="-1" frameY="0" frameWidth="359" frameHeight="518"/>
	<SubTexture name="BF NOTE UP MISS0008" x="3075" y="448" width="356" height="518" frameX="-1" frameY="0" frameWidth="359" frameHeight="518"/>
	<SubTexture name="BF NOTE UP MISS0009" x="3075" y="448" width="356" height="518" frameX="-1" frameY="0" frameWidth="359" frameHeight="518"/>
	<SubTexture name="BF NOTE UP MISS0010" x="3075" y="448" width="356" height="518" frameX="-1" frameY="0" frameWidth="359" frameHeight="518"/>
	<SubTexture name="BF NOTE UP MISS0011" x="3075" y="448" width="356" height="518" frameX="-1" frameY="0" frameWidth="359" frameHeight="518"/>
	<SubTexture name="BF NOTE UP MISS0012" x="3075" y="448" width="356" height="518" frameX="-1" frameY="0" frameWidth="359" frameHeight="518"/>
	<SubTexture name="BF NOTE UP MISS0013" x="3075" y="448" width="356" height="518" frameX="-1" frameY="0" frameWidth="359" frameHeight="518"/>
	<SubTexture name="BF NOTE UP MISS0014" x="3075" y="448" width="356" height="518" frameX="-1" frameY="0" frameWidth="359" frameHeight="518"/>
	<SubTexture name="BF NOTE UP MISS0015" x="3075" y="448" width="356" height="518" frameX="-1" frameY="0" frameWidth="359" frameHeight="518"/>
	<SubTexture name="BF NOTE UP MISS0016" x="3075" y="448" width="356" height="518" frameX="-1" frameY="0" frameWidth="359" frameHeight="518"/>
	<SubTexture name="BF NOTE UP MISS0017" x="3075" y="448" width="356" height="518" frameX="-1" frameY="0" frameWidth="359" frameHeight="518"/>
	<SubTexture name="BF NOTE UP MISS0018" x="3075" y="448" width="356" height="518" frameX="-1" frameY="0" frameWidth="359" frameHeight="518"/>
	<SubTexture name="BF NOTE UP MISS0019" x="3075" y="448" width="356" height="518" frameX="-1" frameY="0" frameWidth="359" frameHeight="518"/>
	<SubTexture name="BF NOTE UP MISS0020" x="3075" y="448" width="356" height="518" frameX="-1" frameY="0" frameWidth="359" frameHeight="518"/>
	<SubTexture name="BF NOTE UP MISS0021" x="3075" y="448" width="356" height="518" frameX="-1" frameY="0" frameWidth="359" frameHeight="518"/>
	<SubTexture name="BF NOTE UP MISS0022" x="3075" y="448" width="356" height="518" frameX="-1" frameY="0" frameWidth="359" frameHeight="518"/>
	<SubTexture name="BF NOTE UP MISS0023" x="3075" y="448" width="356" height="518" frameX="-1" frameY="0" frameWidth="359" frameHeight="518"/>
	<SubTexture name="BF NOTE UP MISS0024" x="3075" y="448" width="356" height="518" frameX="-1" frameY="0" frameWidth="359" frameHeight="518"/>
	<SubTexture name="BF NOTE UP MISS0025" x="3075" y="448" width="356" height="518" frameX="-1" frameY="0" frameWidth="359" frameHeight="518"/>
	<SubTexture name="BF NOTE UP MISS0026" x="3075" y="448" width="356" height="518" frameX="-1" frameY="0" frameWidth="359" frameHeight="518"/>
	<SubTexture name="BF NOTE UP MISS0027" x="3075" y="448" width="356" height="518" frameX="-1" frameY="0" frameWidth="359" frameHeight="518"/>
	<SubTexture name="BF NOTE UP MISS0028" x="3075" y="448" width="356" height="518" frameX="-1" frameY="0" frameWidth="359" frameHeight="518"/>
	<SubTexture name="BF NOTE UP MISS0029" x="3075" y="448" width="356" height="518" frameX="-1" frameY="0" frameWidth="359" frameHeight="518"/>
	<SubTexture name="BF NOTE UP MISS0030" x="3075" y="448" width="356" height="518" frameX="-1" frameY="0" frameWidth="359" frameHeight="518"/>
	<SubTexture name="BF NOTE UP MISS0031" x="3075" y="448" width="356" height="518" frameX="-1" frameY="0" frameWidth="359" frameHeight="518"/>
	<SubTexture name="BF NOTE UP MISS0032" x="3075" y="448" width="356" height="518" frameX="-1" frameY="0" frameWidth="359" frameHeight="518"/>
	<SubTexture name="BF NOTE UP MISS0033" x="3075" y="448" width="356" height="518" frameX="-1" frameY="0" frameWidth="359" frameHeight="518"/>
	<SubTexture name="BF NOTE UP MISS0034" x="3075" y="448" width="356" height="518" frameX="-1" frameY="0" frameWidth="359" frameHeight="518"/>
	<SubTexture name="BF NOTE UP0000" x="3434" y="448" width="356" height="469" frameX="-1" frameY="0" frameWidth="357" frameHeight="469"/>
	<SubTexture name="BF NOTE UP0001" x="0" y="969" width="351" height="469" frameX="-1" frameY="0" frameWidth="357" frameHeight="469"/>
	<SubTexture name="BF NOTE UP0002" x="354" y="969" width="327" height="464" frameX="0" frameY="-4" frameWidth="357" frameHeight="469"/>
	<SubTexture name="BF NOTE UP0003" x="354" y="969" width="327" height="464" frameX="0" frameY="-4" frameWidth="357" frameHeight="469"/>
	<SubTexture name="BF NOTE UP0004" x="354" y="969" width="327" height="464" frameX="0" frameY="-4" frameWidth="357" frameHeight="469"/>
	<SubTexture name="BF NOTE UP0005" x="684" y="969" width="324" height="452" frameX="-3" frameY="-4" frameWidth="357" frameHeight="469"/>
	<SubTexture name="BF NOTE UP0006" x="684" y="969" width="324" height="452" frameX="-3" frameY="-4" frameWidth="357" frameHeight="469"/>
	<SubTexture name="BF NOTE UP0007" x="684" y="969" width="324" height="452" frameX="-3" frameY="-4" frameWidth="357" frameHeight="469"/>
	<SubTexture name="BF NOTE UP0008" x="684" y="969" width="324" height="452" frameX="-3" frameY="-4" frameWidth="357" frameHeight="469"/>
	<SubTexture name="BF NOTE UP0009" x="684" y="969" width="324" height="452" frameX="-3" frameY="-4" frameWidth="357" frameHeight="469"/>
	<SubTexture name="BF NOTE UP0010" x="684" y="969" width="324" height="452" frameX="-3" frameY="-4" frameWidth="357" frameHeight="469"/>
	<SubTexture name="BF NOTE UP0011" x="684" y="969" width="324" height="452" frameX="-3" frameY="-4" frameWidth="357" frameHeight="469"/>
	<SubTexture name="BF NOTE UP0012" x="684" y="969" width="324" height="452" frameX="-3" frameY="-4" frameWidth="357" frameHeight="469"/>
	<SubTexture name="BF NOTE UP0013" x="684" y="969" width="324" height="452" frameX="-3" frameY="-4" frameWidth="357" frameHeight="469"/>
	<SubTexture name="BF NOTE UP0014" x="684" y="969" width="324" height="452" frameX="-3" frameY="-4" frameWidth="357" frameHeight="469"/>
	<SubTexture name="BF idle dance0000" x="1011" y="969" width="288" height="424" frameX="-4" frameY="-14" frameWidth="297" frameHeight="438"/>
	<SubTexture name="BF idle dance0001" x="1011" y="969" width="288" height="424" frameX="-4" frameY="-14" frameWidth="297" frameHeight="438"/>
	<SubTexture name="BF idle dance0002" x="1302" y="969" width="292" height="426" frameX="-2" frameY="-12" frameWidth="297" frameHeight="438"/>
	<SubTexture name="BF idle dance0003" x="1302" y="969" width="292" height="426" frameX="-2" frameY="-12" frameWidth="297" frameHeight="438"/>
	<SubTexture name="BF idle dance0004" x="1597" y="969" width="290" height="429" frameX="-4" frameY="-9" frameWidth="297" frameHeight="438"/>
	<SubTexture name="BF idle dance0005" x="1597" y="969" width="290" height="429" frameX="-4" frameY="-9" frameWidth="297" frameHeight="438"/>
	<SubTexture name="BF idle dance0006" x="1890" y="969" width="297" height="437" frameX="0" frameY="-1" frameWidth="297" frameHeight="438"/>
	<SubTexture name="BF idle dance0007" x="1890" y="969" width="297" height="437" frameX="0" frameY="-1" frameWidth="297" frameHeight="438"/>
	<SubTexture name="BF idle dance0008" x="2190" y="969" width="296" height="438" frameX="-1" frameY="0" frameWidth="297" frameHeight="438"/>
	<SubTexture name="BF idle dance0009" x="2190" y="969" width="296" height="438" frameX="-1" frameY="0" frameWidth="297" frameHeight="438"/>
	<SubTexture name="BF idle dance0010" x="2190" y="969" width="296" height="438" frameX="-1" frameY="0" frameWidth="297" frameHeight="438"/>
	<SubTexture name="BF idle dance0011" x="2190" y="969" width="296" height="438" frameX="-1" frameY="0" frameWidth="297" frameHeight="438"/>
	<SubTexture name="BF idle dance0012" x="2190" y="969" width="296" height="438" frameX="-1" frameY="0" frameWidth="297" frameHeight="438"/>
	<SubTexture name="BF idle dance0013" x="2190" y="969" width="296" height="438" frameX="-1" frameY="0" frameWidth="297" frameHeight="438"/>
	<SubTexture name="BF idle shaking0000" x="2489" y="969" width="295" height="439" frameX="0" frameY="0" frameWidth="296" frameHeight="439"/>
	<SubTexture name="BF idle shaking0001" x="2787" y="969" width="295" height="438" frameX="-1" frameY="-1" frameWidth="296" frameHeight="439"/>
	<SubTexture name="BF idle shaking0002" x="3085" y="969" width="295" height="439" frameX="0" frameY="0" frameWidth="296" frameHeight="439"/>
	<SubTexture name="BF idle shaking0003" x="3383" y="969" width="296" height="439"/>
</TextureAtlas>
