﻿<?xml version="1.0" encoding="utf-8"?>
<TextureAtlas imagePath="plexi-player.png">
	<!-- Created with Adobe Animate version 22.0.5.191 -->
	<!-- http://www.adobe.com/products/animate.html -->
	<SubTexture name="BF NOTE DOWN0000" x="0" y="0" width="269" height="313" frameX="0" frameY="-4" frameWidth="272" frameHeight="317"/>
	<SubTexture name="BF NOTE DOWN0001" x="0" y="0" width="269" height="313" frameX="0" frameY="-4" frameWidth="272" frameHeight="317"/>
	<SubTexture name="BF NOTE DOWN0002" x="269" y="0" width="256" height="316" frameX="-16" frameY="0" frameWidth="272" frameHeight="317"/>
	<SubTexture name="BF NOTE DOWN0003" x="269" y="0" width="256" height="316" frameX="-16" frameY="0" frameWidth="272" frameHeight="317"/>
	<SubTexture name="BF NOTE DOWN0004" x="269" y="0" width="256" height="316" frameX="-16" frameY="0" frameWidth="272" frameHeight="317"/>
	<SubTexture name="BF NOTE DOWN0005" x="269" y="0" width="256" height="316" frameX="-16" frameY="0" frameWidth="272" frameHeight="317"/>
	<SubTexture name="BF NOTE DOWN0006" x="269" y="0" width="256" height="316" frameX="-16" frameY="0" frameWidth="272" frameHeight="317"/>
	<SubTexture name="BF NOTE DOWN0007" x="269" y="0" width="256" height="316" frameX="-16" frameY="0" frameWidth="272" frameHeight="317"/>
	<SubTexture name="BF NOTE DOWN0008" x="269" y="0" width="256" height="316" frameX="-16" frameY="0" frameWidth="272" frameHeight="317"/>
	<SubTexture name="BF NOTE DOWN0009" x="269" y="0" width="256" height="316" frameX="-16" frameY="0" frameWidth="272" frameHeight="317"/>
	<SubTexture name="BF NOTE DOWN0010" x="269" y="0" width="256" height="316" frameX="-16" frameY="0" frameWidth="272" frameHeight="317"/>
	<SubTexture name="BF NOTE DOWN0011" x="269" y="0" width="256" height="316" frameX="-16" frameY="0" frameWidth="272" frameHeight="317"/>
	<SubTexture name="BF NOTE DOWN0012" x="269" y="0" width="256" height="316" frameX="-16" frameY="0" frameWidth="272" frameHeight="317"/>
	<SubTexture name="BF NOTE DOWN0013" x="269" y="0" width="256" height="316" frameX="-16" frameY="0" frameWidth="272" frameHeight="317"/>
	<SubTexture name="BF NOTE DOWN0014" x="269" y="0" width="256" height="316" frameX="-16" frameY="0" frameWidth="272" frameHeight="317"/>
	<SubTexture name="BF NOTE DOWN0015" x="269" y="0" width="256" height="316" frameX="-16" frameY="0" frameWidth="272" frameHeight="317"/>
	<SubTexture name="BF NOTE DOWN0016" x="269" y="0" width="256" height="316" frameX="-16" frameY="0" frameWidth="272" frameHeight="317"/>
	<SubTexture name="BF NOTE DOWN0017" x="269" y="0" width="256" height="316" frameX="-16" frameY="0" frameWidth="272" frameHeight="317"/>
	<SubTexture name="BF NOTE DOWN0018" x="269" y="0" width="256" height="316" frameX="-16" frameY="0" frameWidth="272" frameHeight="317"/>
	<SubTexture name="BF NOTE DOWN0019" x="269" y="0" width="256" height="316" frameX="-16" frameY="0" frameWidth="272" frameHeight="317"/>
	<SubTexture name="BF NOTE DOWN0020" x="269" y="0" width="256" height="316" frameX="-16" frameY="0" frameWidth="272" frameHeight="317"/>
	<SubTexture name="BF NOTE DOWN0021" x="269" y="0" width="256" height="316" frameX="-16" frameY="0" frameWidth="272" frameHeight="317"/>
	<SubTexture name="BF NOTE DOWN0022" x="269" y="0" width="256" height="316" frameX="-16" frameY="0" frameWidth="272" frameHeight="317"/>
	<SubTexture name="BF NOTE DOWN0023" x="269" y="0" width="256" height="316" frameX="-16" frameY="0" frameWidth="272" frameHeight="317"/>
	<SubTexture name="BF NOTE DOWN0024" x="269" y="0" width="256" height="316" frameX="-16" frameY="0" frameWidth="272" frameHeight="317"/>
	<SubTexture name="BF NOTE DOWN0025" x="269" y="0" width="256" height="316" frameX="-16" frameY="0" frameWidth="272" frameHeight="317"/>
	<SubTexture name="BF NOTE DOWN0026" x="269" y="0" width="256" height="316" frameX="-16" frameY="0" frameWidth="272" frameHeight="317"/>
	<SubTexture name="BF NOTE DOWN0027" x="269" y="0" width="256" height="316" frameX="-16" frameY="0" frameWidth="272" frameHeight="317"/>
	<SubTexture name="BF NOTE DOWN0028" x="269" y="0" width="256" height="316" frameX="-16" frameY="0" frameWidth="272" frameHeight="317"/>
	<SubTexture name="BF NOTE DOWN0029" x="269" y="0" width="256" height="316" frameX="-16" frameY="0" frameWidth="272" frameHeight="317"/>
	<SubTexture name="BF NOTE LEFT0000" x="525" y="0" width="248" height="408" frameX="0" frameY="0" frameWidth="254" frameHeight="408"/>
	<SubTexture name="BF NOTE LEFT0001" x="525" y="0" width="248" height="408" frameX="0" frameY="0" frameWidth="254" frameHeight="408"/>
	<SubTexture name="BF NOTE LEFT0002" x="773" y="0" width="246" height="407" frameX="-8" frameY="-1" frameWidth="254" frameHeight="408"/>
	<SubTexture name="BF NOTE LEFT0003" x="773" y="0" width="246" height="407" frameX="-8" frameY="-1" frameWidth="254" frameHeight="408"/>
	<SubTexture name="BF NOTE LEFT0004" x="773" y="0" width="246" height="407" frameX="-8" frameY="-1" frameWidth="254" frameHeight="408"/>
	<SubTexture name="BF NOTE LEFT0005" x="773" y="0" width="246" height="407" frameX="-8" frameY="-1" frameWidth="254" frameHeight="408"/>
	<SubTexture name="BF NOTE LEFT0006" x="773" y="0" width="246" height="407" frameX="-8" frameY="-1" frameWidth="254" frameHeight="408"/>
	<SubTexture name="BF NOTE LEFT0007" x="773" y="0" width="246" height="407" frameX="-8" frameY="-1" frameWidth="254" frameHeight="408"/>
	<SubTexture name="BF NOTE LEFT0008" x="773" y="0" width="246" height="407" frameX="-8" frameY="-1" frameWidth="254" frameHeight="408"/>
	<SubTexture name="BF NOTE LEFT0009" x="773" y="0" width="246" height="407" frameX="-8" frameY="-1" frameWidth="254" frameHeight="408"/>
	<SubTexture name="BF NOTE LEFT0010" x="773" y="0" width="246" height="407" frameX="-8" frameY="-1" frameWidth="254" frameHeight="408"/>
	<SubTexture name="BF NOTE LEFT0011" x="773" y="0" width="246" height="407" frameX="-8" frameY="-1" frameWidth="254" frameHeight="408"/>
	<SubTexture name="BF NOTE LEFT0012" x="773" y="0" width="246" height="407" frameX="-8" frameY="-1" frameWidth="254" frameHeight="408"/>
	<SubTexture name="BF NOTE LEFT0013" x="773" y="0" width="246" height="407" frameX="-8" frameY="-1" frameWidth="254" frameHeight="408"/>
	<SubTexture name="BF NOTE LEFT0014" x="773" y="0" width="246" height="407" frameX="-8" frameY="-1" frameWidth="254" frameHeight="408"/>
	<SubTexture name="BF NOTE RIGHT0000" x="1019" y="0" width="379" height="415" frameX="-2" frameY="-1" frameWidth="381" frameHeight="416"/>
	<SubTexture name="BF NOTE RIGHT0001" x="1019" y="0" width="379" height="415" frameX="-2" frameY="-1" frameWidth="381" frameHeight="416"/>
	<SubTexture name="BF NOTE RIGHT0002" x="0" y="415" width="378" height="416" frameX="0" frameY="0" frameWidth="381" frameHeight="416"/>
	<SubTexture name="BF NOTE RIGHT0003" x="0" y="415" width="378" height="416" frameX="0" frameY="0" frameWidth="381" frameHeight="416"/>
	<SubTexture name="BF NOTE RIGHT0004" x="0" y="415" width="378" height="416" frameX="0" frameY="0" frameWidth="381" frameHeight="416"/>
	<SubTexture name="BF NOTE RIGHT0005" x="0" y="415" width="378" height="416" frameX="0" frameY="0" frameWidth="381" frameHeight="416"/>
	<SubTexture name="BF NOTE RIGHT0006" x="0" y="415" width="378" height="416" frameX="0" frameY="0" frameWidth="381" frameHeight="416"/>
	<SubTexture name="BF NOTE RIGHT0007" x="0" y="415" width="378" height="416" frameX="0" frameY="0" frameWidth="381" frameHeight="416"/>
	<SubTexture name="BF NOTE RIGHT0008" x="0" y="415" width="378" height="416" frameX="0" frameY="0" frameWidth="381" frameHeight="416"/>
	<SubTexture name="BF NOTE RIGHT0009" x="0" y="415" width="378" height="416" frameX="0" frameY="0" frameWidth="381" frameHeight="416"/>
	<SubTexture name="BF NOTE RIGHT0010" x="0" y="415" width="378" height="416" frameX="0" frameY="0" frameWidth="381" frameHeight="416"/>
	<SubTexture name="BF NOTE RIGHT0011" x="0" y="415" width="378" height="416" frameX="0" frameY="0" frameWidth="381" frameHeight="416"/>
	<SubTexture name="BF NOTE RIGHT0012" x="0" y="415" width="378" height="416" frameX="0" frameY="0" frameWidth="381" frameHeight="416"/>
	<SubTexture name="BF NOTE RIGHT0013" x="0" y="415" width="378" height="416" frameX="0" frameY="0" frameWidth="381" frameHeight="416"/>
	<SubTexture name="BF NOTE RIGHT0014" x="0" y="415" width="378" height="416" frameX="0" frameY="0" frameWidth="381" frameHeight="416"/>
	<SubTexture name="BF NOTE RIGHT0015" x="0" y="415" width="378" height="416" frameX="0" frameY="0" frameWidth="381" frameHeight="416"/>
	<SubTexture name="BF NOTE RIGHT0016" x="0" y="415" width="378" height="416" frameX="0" frameY="0" frameWidth="381" frameHeight="416"/>
	<SubTexture name="BF NOTE RIGHT0017" x="0" y="415" width="378" height="416" frameX="0" frameY="0" frameWidth="381" frameHeight="416"/>
	<SubTexture name="BF NOTE RIGHT0018" x="0" y="415" width="378" height="416" frameX="0" frameY="0" frameWidth="381" frameHeight="416"/>
	<SubTexture name="BF NOTE RIGHT0019" x="0" y="415" width="378" height="416" frameX="0" frameY="0" frameWidth="381" frameHeight="416"/>
	<SubTexture name="BF NOTE RIGHT0020" x="0" y="415" width="378" height="416" frameX="0" frameY="0" frameWidth="381" frameHeight="416"/>
	<SubTexture name="BF NOTE RIGHT0021" x="0" y="415" width="378" height="416" frameX="0" frameY="0" frameWidth="381" frameHeight="416"/>
	<SubTexture name="BF NOTE RIGHT0022" x="0" y="415" width="378" height="416" frameX="0" frameY="0" frameWidth="381" frameHeight="416"/>
	<SubTexture name="BF NOTE RIGHT0023" x="0" y="415" width="378" height="416" frameX="0" frameY="0" frameWidth="381" frameHeight="416"/>
	<SubTexture name="BF NOTE RIGHT0024" x="0" y="415" width="378" height="416" frameX="0" frameY="0" frameWidth="381" frameHeight="416"/>
	<SubTexture name="BF NOTE RIGHT0025" x="0" y="415" width="378" height="416" frameX="0" frameY="0" frameWidth="381" frameHeight="416"/>
	<SubTexture name="BF NOTE RIGHT0026" x="0" y="415" width="378" height="416" frameX="0" frameY="0" frameWidth="381" frameHeight="416"/>
	<SubTexture name="BF NOTE RIGHT0027" x="0" y="415" width="378" height="416" frameX="0" frameY="0" frameWidth="381" frameHeight="416"/>
	<SubTexture name="BF NOTE RIGHT0028" x="0" y="415" width="378" height="416" frameX="0" frameY="0" frameWidth="381" frameHeight="416"/>
	<SubTexture name="BF NOTE RIGHT0029" x="0" y="415" width="378" height="416" frameX="0" frameY="0" frameWidth="381" frameHeight="416"/>
	<SubTexture name="BF NOTE RIGHT0030" x="0" y="415" width="378" height="416" frameX="0" frameY="0" frameWidth="381" frameHeight="416"/>
	<SubTexture name="BF NOTE RIGHT0031" x="0" y="415" width="378" height="416" frameX="0" frameY="0" frameWidth="381" frameHeight="416"/>
	<SubTexture name="BF NOTE RIGHT0032" x="0" y="415" width="378" height="416" frameX="0" frameY="0" frameWidth="381" frameHeight="416"/>
	<SubTexture name="BF NOTE RIGHT0033" x="0" y="415" width="378" height="416" frameX="0" frameY="0" frameWidth="381" frameHeight="416"/>
	<SubTexture name="BF NOTE RIGHT0034" x="0" y="415" width="378" height="416" frameX="0" frameY="0" frameWidth="381" frameHeight="416"/>
	<SubTexture name="BF NOTE RIGHT0035" x="0" y="415" width="378" height="416" frameX="0" frameY="0" frameWidth="381" frameHeight="416"/>
	<SubTexture name="BF NOTE RIGHT0036" x="0" y="415" width="378" height="416" frameX="0" frameY="0" frameWidth="381" frameHeight="416"/>
	<SubTexture name="BF NOTE RIGHT0037" x="0" y="415" width="378" height="416" frameX="0" frameY="0" frameWidth="381" frameHeight="416"/>
	<SubTexture name="BF NOTE RIGHT0038" x="0" y="415" width="378" height="416" frameX="0" frameY="0" frameWidth="381" frameHeight="416"/>
	<SubTexture name="BF NOTE RIGHT0039" x="0" y="415" width="378" height="416" frameX="0" frameY="0" frameWidth="381" frameHeight="416"/>
	<SubTexture name="BF NOTE RIGHT0040" x="0" y="415" width="378" height="416" frameX="0" frameY="0" frameWidth="381" frameHeight="416"/>
	<SubTexture name="BF NOTE RIGHT0041" x="0" y="415" width="378" height="416" frameX="0" frameY="0" frameWidth="381" frameHeight="416"/>
	<SubTexture name="BF NOTE RIGHT0042" x="0" y="415" width="378" height="416" frameX="0" frameY="0" frameWidth="381" frameHeight="416"/>
	<SubTexture name="BF NOTE RIGHT0043" x="0" y="415" width="378" height="416" frameX="0" frameY="0" frameWidth="381" frameHeight="416"/>
	<SubTexture name="BF NOTE RIGHT0044" x="0" y="415" width="378" height="416" frameX="0" frameY="0" frameWidth="381" frameHeight="416"/>
	<SubTexture name="BF NOTE RIGHT0045" x="0" y="415" width="378" height="416" frameX="0" frameY="0" frameWidth="381" frameHeight="416"/>
	<SubTexture name="BF NOTE RIGHT0046" x="0" y="415" width="378" height="416" frameX="0" frameY="0" frameWidth="381" frameHeight="416"/>
	<SubTexture name="BF NOTE RIGHT0047" x="0" y="415" width="378" height="416" frameX="0" frameY="0" frameWidth="381" frameHeight="416"/>
	<SubTexture name="BF NOTE RIGHT0048" x="0" y="415" width="378" height="416" frameX="0" frameY="0" frameWidth="381" frameHeight="416"/>
	<SubTexture name="BF NOTE RIGHT0049" x="0" y="415" width="378" height="416" frameX="0" frameY="0" frameWidth="381" frameHeight="416"/>
	<SubTexture name="BF NOTE RIGHT0050" x="0" y="415" width="378" height="416" frameX="0" frameY="0" frameWidth="381" frameHeight="416"/>
	<SubTexture name="BF NOTE RIGHT0051" x="0" y="415" width="378" height="416" frameX="0" frameY="0" frameWidth="381" frameHeight="416"/>
	<SubTexture name="BF NOTE RIGHT0052" x="0" y="415" width="378" height="416" frameX="0" frameY="0" frameWidth="381" frameHeight="416"/>
	<SubTexture name="BF NOTE RIGHT0053" x="0" y="415" width="378" height="416" frameX="0" frameY="0" frameWidth="381" frameHeight="416"/>
	<SubTexture name="BF NOTE RIGHT0054" x="0" y="415" width="378" height="416" frameX="0" frameY="0" frameWidth="381" frameHeight="416"/>
	<SubTexture name="BF NOTE RIGHT0055" x="0" y="415" width="378" height="416" frameX="0" frameY="0" frameWidth="381" frameHeight="416"/>
	<SubTexture name="BF NOTE RIGHT0056" x="0" y="415" width="378" height="416" frameX="0" frameY="0" frameWidth="381" frameHeight="416"/>
	<SubTexture name="BF NOTE RIGHT0057" x="0" y="415" width="378" height="416" frameX="0" frameY="0" frameWidth="381" frameHeight="416"/>
	<SubTexture name="BF NOTE RIGHT0058" x="0" y="415" width="378" height="416" frameX="0" frameY="0" frameWidth="381" frameHeight="416"/>
	<SubTexture name="BF NOTE RIGHT0059" x="0" y="415" width="378" height="416" frameX="0" frameY="0" frameWidth="381" frameHeight="416"/>
	<SubTexture name="BF NOTE RIGHT0060" x="0" y="415" width="378" height="416" frameX="0" frameY="0" frameWidth="381" frameHeight="416"/>
	<SubTexture name="BF NOTE RIGHT0061" x="0" y="415" width="378" height="416" frameX="0" frameY="0" frameWidth="381" frameHeight="416"/>
	<SubTexture name="BF NOTE UP0000" x="378" y="415" width="352" height="447" frameX="-38" frameY="0" frameWidth="396" frameHeight="447"/>
	<SubTexture name="BF NOTE UP0001" x="378" y="415" width="352" height="447" frameX="-38" frameY="0" frameWidth="396" frameHeight="447"/>
	<SubTexture name="BF NOTE UP0002" x="378" y="415" width="352" height="447" frameX="-38" frameY="0" frameWidth="396" frameHeight="447"/>
	<SubTexture name="BF NOTE UP0003" x="730" y="415" width="396" height="425" frameX="0" frameY="-22" frameWidth="396" frameHeight="447"/>
	<SubTexture name="BF NOTE UP0004" x="730" y="415" width="396" height="425" frameX="0" frameY="-22" frameWidth="396" frameHeight="447"/>
	<SubTexture name="BF NOTE UP0005" x="730" y="415" width="396" height="425" frameX="0" frameY="-22" frameWidth="396" frameHeight="447"/>
	<SubTexture name="BF NOTE UP0006" x="730" y="415" width="396" height="425" frameX="0" frameY="-22" frameWidth="396" frameHeight="447"/>
	<SubTexture name="BF NOTE UP0007" x="730" y="415" width="396" height="425" frameX="0" frameY="-22" frameWidth="396" frameHeight="447"/>
	<SubTexture name="BF NOTE UP0008" x="730" y="415" width="396" height="425" frameX="0" frameY="-22" frameWidth="396" frameHeight="447"/>
	<SubTexture name="BF NOTE UP0009" x="730" y="415" width="396" height="425" frameX="0" frameY="-22" frameWidth="396" frameHeight="447"/>
	<SubTexture name="BF NOTE UP0010" x="730" y="415" width="396" height="425" frameX="0" frameY="-22" frameWidth="396" frameHeight="447"/>
	<SubTexture name="BF NOTE UP0011" x="730" y="415" width="396" height="425" frameX="0" frameY="-22" frameWidth="396" frameHeight="447"/>
	<SubTexture name="BF NOTE UP0012" x="730" y="415" width="396" height="425" frameX="0" frameY="-22" frameWidth="396" frameHeight="447"/>
	<SubTexture name="BF NOTE UP0013" x="730" y="415" width="396" height="425" frameX="0" frameY="-22" frameWidth="396" frameHeight="447"/>
	<SubTexture name="BF NOTE UP0014" x="730" y="415" width="396" height="425" frameX="0" frameY="-22" frameWidth="396" frameHeight="447"/>
	<SubTexture name="BF idle dance0000" x="0" y="862" width="288" height="402" frameX="0" frameY="-16" frameWidth="288" frameHeight="419"/>
	<SubTexture name="BF idle dance0001" x="0" y="862" width="288" height="402" frameX="0" frameY="-16" frameWidth="288" frameHeight="419"/>
	<SubTexture name="BF idle dance0002" x="288" y="862" width="285" height="405" frameX="-2" frameY="-14" frameWidth="288" frameHeight="419"/>
	<SubTexture name="BF idle dance0003" x="288" y="862" width="285" height="405" frameX="-2" frameY="-14" frameWidth="288" frameHeight="419"/>
	<SubTexture name="BF idle dance0004" x="573" y="862" width="273" height="408" frameX="-10" frameY="-11" frameWidth="288" frameHeight="419"/>
	<SubTexture name="BF idle dance0005" x="573" y="862" width="273" height="408" frameX="-10" frameY="-11" frameWidth="288" frameHeight="419"/>
	<SubTexture name="BF idle dance0006" x="846" y="862" width="267" height="418" frameX="-18" frameY="-1" frameWidth="288" frameHeight="419"/>
	<SubTexture name="BF idle dance0007" x="846" y="862" width="267" height="418" frameX="-18" frameY="-1" frameWidth="288" frameHeight="419"/>
	<SubTexture name="BF idle dance0008" x="1113" y="862" width="269" height="419" frameX="-16" frameY="0" frameWidth="288" frameHeight="419"/>
	<SubTexture name="BF idle dance0009" x="1113" y="862" width="269" height="419" frameX="-16" frameY="0" frameWidth="288" frameHeight="419"/>
	<SubTexture name="BF idle dance0010" x="1113" y="862" width="269" height="419" frameX="-16" frameY="0" frameWidth="288" frameHeight="419"/>
	<SubTexture name="BF idle dance0011" x="1113" y="862" width="269" height="419" frameX="-16" frameY="0" frameWidth="288" frameHeight="419"/>
	<SubTexture name="BF idle dance0012" x="1113" y="862" width="269" height="419" frameX="-16" frameY="0" frameWidth="288" frameHeight="419"/>
	<SubTexture name="BF idle dance0013" x="1113" y="862" width="269" height="419" frameX="-16" frameY="0" frameWidth="288" frameHeight="419"/>
</TextureAtlas>
