﻿<?xml version="1.0" encoding="utf-8"?>
<TextureAtlas imagePath="wega3d.png">
	<!-- Created with Adobe Animate version 22.0.0.93 -->
	<!-- http://www.adobe.com/products/animate.html -->
	<SubTexture name="downweg_gif0000" x="0" y="0" width="149" height="198" frameX="0" frameY="-13" frameWidth="149" frameHeight="211"/>
	<SubTexture name="downweg_gif0001" x="0" y="0" width="149" height="198" frameX="0" frameY="-13" frameWidth="149" frameHeight="211"/>
	<SubTexture name="downweg_gif0002" x="0" y="0" width="149" height="198" frameX="0" frameY="-13" frameWidth="149" frameHeight="211"/>
	<SubTexture name="downweg_gif0003" x="149" y="0" width="148" height="198" frameX="0" frameY="-13" frameWidth="149" frameHeight="211"/>
	<SubTexture name="downweg_gif0004" x="149" y="0" width="148" height="198" frameX="0" frameY="-13" frameWidth="149" frameHeight="211"/>
	<SubTexture name="downweg_gif0005" x="149" y="0" width="148" height="198" frameX="0" frameY="-13" frameWidth="149" frameHeight="211"/>
	<SubTexture name="downweg_gif0006" x="297" y="0" width="146" height="207" frameX="0" frameY="-4" frameWidth="149" frameHeight="211"/>
	<SubTexture name="downweg_gif0007" x="297" y="0" width="146" height="207" frameX="0" frameY="-4" frameWidth="149" frameHeight="211"/>
	<SubTexture name="downweg_gif0008" x="297" y="0" width="146" height="207" frameX="0" frameY="-4" frameWidth="149" frameHeight="211"/>
	<SubTexture name="downweg_gif0009" x="443" y="0" width="128" height="211" frameX="-20" frameY="0" frameWidth="149" frameHeight="211"/>
	<SubTexture name="downweg_gif0010" x="443" y="0" width="128" height="211" frameX="-20" frameY="0" frameWidth="149" frameHeight="211"/>
	<SubTexture name="downweg_gif0011" x="443" y="0" width="128" height="211" frameX="-20" frameY="0" frameWidth="149" frameHeight="211"/>
	<SubTexture name="downweg_gif0012" x="571" y="0" width="129" height="210" frameX="-19" frameY="-1" frameWidth="149" frameHeight="211"/>
	<SubTexture name="downweg_gif0013" x="571" y="0" width="129" height="210" frameX="-19" frameY="-1" frameWidth="149" frameHeight="211"/>
	<SubTexture name="downweg_gif0014" x="571" y="0" width="129" height="210" frameX="-19" frameY="-1" frameWidth="149" frameHeight="211"/>
	<SubTexture name="downweg_gif0015" x="700" y="0" width="141" height="210" frameX="0" frameY="-1" frameWidth="149" frameHeight="211"/>
	<SubTexture name="downweg_gif0016" x="700" y="0" width="141" height="210" frameX="0" frameY="-1" frameWidth="149" frameHeight="211"/>
	<SubTexture name="downweg_gif0017" x="700" y="0" width="141" height="210" frameX="0" frameY="-1" frameWidth="149" frameHeight="211"/>
	<SubTexture name="idweg_gif0000" x="841" y="0" width="130" height="211" frameX="-94" frameY="-34" frameWidth="224" frameHeight="245"/>
	<SubTexture name="idweg_gif0001" x="841" y="0" width="130" height="211" frameX="-94" frameY="-34" frameWidth="224" frameHeight="245"/>
	<SubTexture name="idweg_gif0002" x="841" y="0" width="130" height="211" frameX="-94" frameY="-34" frameWidth="224" frameHeight="245"/>
	<SubTexture name="idweg_gif0003" x="971" y="0" width="130" height="206" frameX="-94" frameY="-39" frameWidth="224" frameHeight="245"/>
	<SubTexture name="idweg_gif0004" x="971" y="0" width="130" height="206" frameX="-94" frameY="-39" frameWidth="224" frameHeight="245"/>
	<SubTexture name="idweg_gif0005" x="971" y="0" width="130" height="206" frameX="-94" frameY="-39" frameWidth="224" frameHeight="245"/>
	<SubTexture name="idweg_gif0006" x="1101" y="0" width="130" height="211" frameX="-92" frameY="-34" frameWidth="224" frameHeight="245"/>
	<SubTexture name="idweg_gif0007" x="1101" y="0" width="130" height="211" frameX="-92" frameY="-34" frameWidth="224" frameHeight="245"/>
	<SubTexture name="idweg_gif0008" x="1101" y="0" width="130" height="211" frameX="-92" frameY="-34" frameWidth="224" frameHeight="245"/>
	<SubTexture name="idweg_gif0009" x="1231" y="0" width="215" height="222" frameX="0" frameY="-23" frameWidth="224" frameHeight="245"/>
	<SubTexture name="idweg_gif0010" x="1231" y="0" width="215" height="222" frameX="0" frameY="-23" frameWidth="224" frameHeight="245"/>
	<SubTexture name="idweg_gif0011" x="1231" y="0" width="215" height="222" frameX="0" frameY="-23" frameWidth="224" frameHeight="245"/>
	<SubTexture name="idweg_gif0012" x="1446" y="0" width="117" height="231" frameX="-94" frameY="-14" frameWidth="224" frameHeight="245"/>
	<SubTexture name="idweg_gif0013" x="1446" y="0" width="117" height="231" frameX="-94" frameY="-14" frameWidth="224" frameHeight="245"/>
	<SubTexture name="idweg_gif0014" x="1446" y="0" width="117" height="231" frameX="-94" frameY="-14" frameWidth="224" frameHeight="245"/>
	<SubTexture name="idweg_gif0015" x="1563" y="0" width="107" height="237" frameX="-93" frameY="-8" frameWidth="224" frameHeight="245"/>
	<SubTexture name="idweg_gif0016" x="1563" y="0" width="107" height="237" frameX="-93" frameY="-8" frameWidth="224" frameHeight="245"/>
	<SubTexture name="idweg_gif0017" x="1563" y="0" width="107" height="237" frameX="-93" frameY="-8" frameWidth="224" frameHeight="245"/>
	<SubTexture name="idweg_gif0018" x="1670" y="0" width="102" height="241" frameX="-90" frameY="-4" frameWidth="224" frameHeight="245"/>
	<SubTexture name="idweg_gif0019" x="1670" y="0" width="102" height="241" frameX="-90" frameY="-4" frameWidth="224" frameHeight="245"/>
	<SubTexture name="idweg_gif0020" x="1670" y="0" width="102" height="241" frameX="-90" frameY="-4" frameWidth="224" frameHeight="245"/>
	<SubTexture name="idweg_gif0021" x="1772" y="0" width="94" height="244" frameX="-91" frameY="-1" frameWidth="224" frameHeight="245"/>
	<SubTexture name="idweg_gif0022" x="1772" y="0" width="94" height="244" frameX="-91" frameY="-1" frameWidth="224" frameHeight="245"/>
	<SubTexture name="idweg_gif0023" x="1772" y="0" width="94" height="244" frameX="-91" frameY="-1" frameWidth="224" frameHeight="245"/>
	<SubTexture name="idweg_gif0024" x="1866" y="0" width="92" height="245" frameX="-90" frameY="0" frameWidth="224" frameHeight="245"/>
	<SubTexture name="idweg_gif0025" x="1866" y="0" width="92" height="245" frameX="-90" frameY="0" frameWidth="224" frameHeight="245"/>
	<SubTexture name="idweg_gif0026" x="1866" y="0" width="92" height="245" frameX="-90" frameY="0" frameWidth="224" frameHeight="245"/>
	<SubTexture name="idweg_gif0027" x="0" y="245" width="93" height="245" frameX="-90" frameY="0" frameWidth="224" frameHeight="245"/>
	<SubTexture name="idweg_gif0028" x="0" y="245" width="93" height="245" frameX="-90" frameY="0" frameWidth="224" frameHeight="245"/>
	<SubTexture name="idweg_gif0029" x="0" y="245" width="93" height="245" frameX="-90" frameY="0" frameWidth="224" frameHeight="245"/>
	<SubTexture name="leftweg_gif0000" x="93" y="245" width="140" height="238" frameX="-8" frameY="-6" frameWidth="148" frameHeight="245"/>
	<SubTexture name="leftweg_gif0001" x="93" y="245" width="140" height="238" frameX="-8" frameY="-6" frameWidth="148" frameHeight="245"/>
	<SubTexture name="leftweg_gif0002" x="93" y="245" width="140" height="238" frameX="-8" frameY="-6" frameWidth="148" frameHeight="245"/>
	<SubTexture name="leftweg_gif0003" x="233" y="245" width="146" height="232" frameX="-1" frameY="-12" frameWidth="148" frameHeight="245"/>
	<SubTexture name="leftweg_gif0004" x="233" y="245" width="146" height="232" frameX="-1" frameY="-12" frameWidth="148" frameHeight="245"/>
	<SubTexture name="leftweg_gif0005" x="233" y="245" width="146" height="232" frameX="-1" frameY="-12" frameWidth="148" frameHeight="245"/>
	<SubTexture name="leftweg_gif0006" x="379" y="245" width="145" height="231" frameX="0" frameY="-13" frameWidth="148" frameHeight="245"/>
	<SubTexture name="leftweg_gif0007" x="379" y="245" width="145" height="231" frameX="0" frameY="-13" frameWidth="148" frameHeight="245"/>
	<SubTexture name="leftweg_gif0008" x="379" y="245" width="145" height="231" frameX="0" frameY="-13" frameWidth="148" frameHeight="245"/>
	<SubTexture name="leftweg_gif0009" x="524" y="245" width="138" height="231" frameX="-5" frameY="-13" frameWidth="148" frameHeight="245"/>
	<SubTexture name="leftweg_gif0010" x="524" y="245" width="138" height="231" frameX="-5" frameY="-13" frameWidth="148" frameHeight="245"/>
	<SubTexture name="leftweg_gif0011" x="524" y="245" width="138" height="231" frameX="-5" frameY="-13" frameWidth="148" frameHeight="245"/>
	<SubTexture name="leftweg_gif0012" x="662" y="245" width="131" height="234" frameX="-12" frameY="-10" frameWidth="148" frameHeight="245"/>
	<SubTexture name="leftweg_gif0013" x="662" y="245" width="131" height="234" frameX="-12" frameY="-10" frameWidth="148" frameHeight="245"/>
	<SubTexture name="leftweg_gif0014" x="662" y="245" width="131" height="234" frameX="-12" frameY="-10" frameWidth="148" frameHeight="245"/>
	<SubTexture name="leftweg_gif0015" x="793" y="245" width="120" height="240" frameX="-21" frameY="-5" frameWidth="148" frameHeight="245"/>
	<SubTexture name="leftweg_gif0016" x="793" y="245" width="120" height="240" frameX="-21" frameY="-5" frameWidth="148" frameHeight="245"/>
	<SubTexture name="leftweg_gif0017" x="793" y="245" width="120" height="240" frameX="-21" frameY="-5" frameWidth="148" frameHeight="245"/>
	<SubTexture name="leftweg_gif0018" x="913" y="245" width="111" height="245" frameX="-30" frameY="0" frameWidth="148" frameHeight="245"/>
	<SubTexture name="leftweg_gif0019" x="913" y="245" width="111" height="245" frameX="-30" frameY="0" frameWidth="148" frameHeight="245"/>
	<SubTexture name="leftweg_gif0020" x="913" y="245" width="111" height="245" frameX="-30" frameY="0" frameWidth="148" frameHeight="245"/>
	<SubTexture name="leftweg_gif0021" x="1024" y="245" width="109" height="245" frameX="-34" frameY="0" frameWidth="148" frameHeight="245"/>
	<SubTexture name="leftweg_gif0022" x="1024" y="245" width="109" height="245" frameX="-34" frameY="0" frameWidth="148" frameHeight="245"/>
	<SubTexture name="leftweg_gif0023" x="1024" y="245" width="109" height="245" frameX="-34" frameY="0" frameWidth="148" frameHeight="245"/>
	<SubTexture name="leftweg_gif0024" x="1133" y="245" width="109" height="245" frameX="-34" frameY="0" frameWidth="148" frameHeight="245"/>
	<SubTexture name="leftweg_gif0025" x="1133" y="245" width="109" height="245" frameX="-34" frameY="0" frameWidth="148" frameHeight="245"/>
	<SubTexture name="leftweg_gif0026" x="1133" y="245" width="109" height="245" frameX="-34" frameY="0" frameWidth="148" frameHeight="245"/>
	<SubTexture name="leftweg_gif0027" x="1242" y="245" width="109" height="244" frameX="-34" frameY="-1" frameWidth="148" frameHeight="245"/>
	<SubTexture name="leftweg_gif0028" x="1242" y="245" width="109" height="244" frameX="-34" frameY="-1" frameWidth="148" frameHeight="245"/>
	<SubTexture name="leftweg_gif0029" x="1242" y="245" width="109" height="244" frameX="-34" frameY="-1" frameWidth="148" frameHeight="245"/>
	<SubTexture name="leftweg_gif0030" x="1351" y="245" width="107" height="245" frameX="-35" frameY="0" frameWidth="148" frameHeight="245"/>
	<SubTexture name="leftweg_gif0031" x="1351" y="245" width="107" height="245" frameX="-35" frameY="0" frameWidth="148" frameHeight="245"/>
	<SubTexture name="leftweg_gif0032" x="1351" y="245" width="107" height="245" frameX="-35" frameY="0" frameWidth="148" frameHeight="245"/>
	<SubTexture name="leftweg_gif0033" x="1458" y="245" width="110" height="244" frameX="-32" frameY="-1" frameWidth="148" frameHeight="245"/>
	<SubTexture name="leftweg_gif0034" x="1458" y="245" width="110" height="244" frameX="-32" frameY="-1" frameWidth="148" frameHeight="245"/>
	<SubTexture name="leftweg_gif0035" x="1458" y="245" width="110" height="244" frameX="-32" frameY="-1" frameWidth="148" frameHeight="245"/>
	<SubTexture name="leftweg_gif0036" x="1568" y="245" width="110" height="245" frameX="-32" frameY="0" frameWidth="148" frameHeight="245"/>
	<SubTexture name="leftweg_gif0037" x="1568" y="245" width="110" height="245" frameX="-32" frameY="0" frameWidth="148" frameHeight="245"/>
	<SubTexture name="leftweg_gif0038" x="1568" y="245" width="110" height="245" frameX="-32" frameY="0" frameWidth="148" frameHeight="245"/>
	<SubTexture name="rightweg_gif0000" x="1678" y="245" width="121" height="228" frameX="-3" frameY="-9" frameWidth="171" frameHeight="245"/>
	<SubTexture name="rightweg_gif0001" x="1678" y="245" width="121" height="228" frameX="-3" frameY="-9" frameWidth="171" frameHeight="245"/>
	<SubTexture name="rightweg_gif0002" x="1678" y="245" width="121" height="228" frameX="-3" frameY="-9" frameWidth="171" frameHeight="245"/>
	<SubTexture name="rightweg_gif0003" x="1799" y="245" width="121" height="228" frameX="-6" frameY="-9" frameWidth="171" frameHeight="245"/>
	<SubTexture name="rightweg_gif0004" x="1799" y="245" width="121" height="228" frameX="-6" frameY="-9" frameWidth="171" frameHeight="245"/>
	<SubTexture name="rightweg_gif0005" x="1799" y="245" width="121" height="228" frameX="-6" frameY="-9" frameWidth="171" frameHeight="245"/>
	<SubTexture name="rightweg_gif0006" x="1920" y="245" width="124" height="227" frameX="-3" frameY="-10" frameWidth="171" frameHeight="245"/>
	<SubTexture name="rightweg_gif0007" x="1920" y="245" width="124" height="227" frameX="-3" frameY="-10" frameWidth="171" frameHeight="245"/>
	<SubTexture name="rightweg_gif0008" x="1920" y="245" width="124" height="227" frameX="-3" frameY="-10" frameWidth="171" frameHeight="245"/>
	<SubTexture name="rightweg_gif0009" x="0" y="490" width="123" height="229" frameX="-4" frameY="-10" frameWidth="171" frameHeight="245"/>
	<SubTexture name="rightweg_gif0010" x="0" y="490" width="123" height="229" frameX="-4" frameY="-10" frameWidth="171" frameHeight="245"/>
	<SubTexture name="rightweg_gif0011" x="0" y="490" width="123" height="229" frameX="-4" frameY="-10" frameWidth="171" frameHeight="245"/>
	<SubTexture name="rightweg_gif0012" x="123" y="490" width="123" height="232" frameX="-3" frameY="-10" frameWidth="171" frameHeight="245"/>
	<SubTexture name="rightweg_gif0013" x="123" y="490" width="123" height="232" frameX="-3" frameY="-10" frameWidth="171" frameHeight="245"/>
	<SubTexture name="rightweg_gif0014" x="123" y="490" width="123" height="232" frameX="-3" frameY="-10" frameWidth="171" frameHeight="245"/>
	<SubTexture name="rightweg_gif0015" x="246" y="490" width="169" height="236" frameX="-2" frameY="-7" frameWidth="171" frameHeight="245"/>
	<SubTexture name="rightweg_gif0016" x="246" y="490" width="169" height="236" frameX="-2" frameY="-7" frameWidth="171" frameHeight="245"/>
	<SubTexture name="rightweg_gif0017" x="246" y="490" width="169" height="236" frameX="-2" frameY="-7" frameWidth="171" frameHeight="245"/>
	<SubTexture name="rightweg_gif0018" x="415" y="490" width="114" height="239" frameX="0" frameY="-4" frameWidth="171" frameHeight="245"/>
	<SubTexture name="rightweg_gif0019" x="415" y="490" width="114" height="239" frameX="0" frameY="-4" frameWidth="171" frameHeight="245"/>
	<SubTexture name="rightweg_gif0020" x="415" y="490" width="114" height="239" frameX="0" frameY="-4" frameWidth="171" frameHeight="245"/>
	<SubTexture name="rightweg_gif0021" x="529" y="490" width="106" height="242" frameX="-1" frameY="-2" frameWidth="171" frameHeight="245"/>
	<SubTexture name="rightweg_gif0022" x="529" y="490" width="106" height="242" frameX="-1" frameY="-2" frameWidth="171" frameHeight="245"/>
	<SubTexture name="rightweg_gif0023" x="529" y="490" width="106" height="242" frameX="-1" frameY="-2" frameWidth="171" frameHeight="245"/>
	<SubTexture name="rightweg_gif0024" x="635" y="490" width="102" height="245" frameX="0" frameY="0" frameWidth="171" frameHeight="245"/>
	<SubTexture name="rightweg_gif0025" x="635" y="490" width="102" height="245" frameX="0" frameY="0" frameWidth="171" frameHeight="245"/>
	<SubTexture name="rightweg_gif0026" x="635" y="490" width="102" height="245" frameX="0" frameY="0" frameWidth="171" frameHeight="245"/>
	<SubTexture name="upweg_gif0000" x="737" y="490" width="114" height="225" frameX="0" frameY="0" frameWidth="115" frameHeight="235"/>
	<SubTexture name="upweg_gif0001" x="737" y="490" width="114" height="225" frameX="0" frameY="0" frameWidth="115" frameHeight="235"/>
	<SubTexture name="upweg_gif0002" x="737" y="490" width="114" height="225" frameX="0" frameY="0" frameWidth="115" frameHeight="235"/>
	<SubTexture name="upweg_gif0003" x="851" y="490" width="110" height="226" frameX="-5" frameY="0" frameWidth="115" frameHeight="235"/>
	<SubTexture name="upweg_gif0004" x="851" y="490" width="110" height="226" frameX="-5" frameY="0" frameWidth="115" frameHeight="235"/>
	<SubTexture name="upweg_gif0005" x="851" y="490" width="110" height="226" frameX="-5" frameY="0" frameWidth="115" frameHeight="235"/>
	<SubTexture name="upweg_gif0006" x="961" y="490" width="110" height="231" frameX="-4" frameY="-1" frameWidth="115" frameHeight="235"/>
	<SubTexture name="upweg_gif0007" x="961" y="490" width="110" height="231" frameX="-4" frameY="-1" frameWidth="115" frameHeight="235"/>
	<SubTexture name="upweg_gif0008" x="961" y="490" width="110" height="231" frameX="-4" frameY="-1" frameWidth="115" frameHeight="235"/>
	<SubTexture name="upweg_gif0009" x="1071" y="490" width="111" height="232" frameX="-4" frameY="-2" frameWidth="115" frameHeight="235"/>
	<SubTexture name="upweg_gif0010" x="1071" y="490" width="111" height="232" frameX="-4" frameY="-2" frameWidth="115" frameHeight="235"/>
	<SubTexture name="upweg_gif0011" x="1071" y="490" width="111" height="232" frameX="-4" frameY="-2" frameWidth="115" frameHeight="235"/>
	<SubTexture name="upweg_gif0012" x="1182" y="490" width="111" height="234" frameX="-4" frameY="-1" frameWidth="115" frameHeight="235"/>
	<SubTexture name="upweg_gif0013" x="1182" y="490" width="111" height="234" frameX="-4" frameY="-1" frameWidth="115" frameHeight="235"/>
	<SubTexture name="upweg_gif0014" x="1182" y="490" width="111" height="234" frameX="-4" frameY="-1" frameWidth="115" frameHeight="235"/>
	<SubTexture name="upweg_gif0015" x="1293" y="490" width="111" height="233" frameX="-4" frameY="-1" frameWidth="115" frameHeight="235"/>
	<SubTexture name="upweg_gif0016" x="1293" y="490" width="111" height="233" frameX="-4" frameY="-1" frameWidth="115" frameHeight="235"/>
	<SubTexture name="upweg_gif0017" x="1293" y="490" width="111" height="233" frameX="-4" frameY="-1" frameWidth="115" frameHeight="235"/>
	<SubTexture name="upweg_gif0018" x="1404" y="490" width="108" height="232" frameX="-7" frameY="-1" frameWidth="115" frameHeight="235"/>
	<SubTexture name="upweg_gif0019" x="1404" y="490" width="108" height="232" frameX="-7" frameY="-1" frameWidth="115" frameHeight="235"/>
	<SubTexture name="upweg_gif0020" x="1404" y="490" width="108" height="232" frameX="-7" frameY="-1" frameWidth="115" frameHeight="235"/>
	<SubTexture name="upweg_gif0021" x="1512" y="490" width="108" height="232" frameX="-7" frameY="-1" frameWidth="115" frameHeight="235"/>
	<SubTexture name="upweg_gif0022" x="1512" y="490" width="108" height="232" frameX="-7" frameY="-1" frameWidth="115" frameHeight="235"/>
	<SubTexture name="upweg_gif0023" x="1512" y="490" width="108" height="232" frameX="-7" frameY="-1" frameWidth="115" frameHeight="235"/>
	<SubTexture name="upweg_gif0024" x="1620" y="490" width="107" height="231" frameX="-7" frameY="-2" frameWidth="115" frameHeight="235"/>
	<SubTexture name="upweg_gif0025" x="1620" y="490" width="107" height="231" frameX="-7" frameY="-2" frameWidth="115" frameHeight="235"/>
	<SubTexture name="upweg_gif0026" x="1620" y="490" width="107" height="231" frameX="-7" frameY="-2" frameWidth="115" frameHeight="235"/>
</TextureAtlas>
