﻿<?xml version="1.0" encoding="utf-8"?>
<TextureAtlas imagePath="wega.png">
	<!-- Created with Adobe Animate version 22.0.0.93 -->
	<!-- http://www.adobe.com/products/animate.html -->
	<SubTexture name="down0000" x="0" y="0" width="1030" height="332" frameX="0" frameY="-347" frameWidth="1030" frameHeight="680"/>
	<SubTexture name="down0001" x="1030" y="0" width="869" height="492" frameX="-81" frameY="-188" frameWidth="1030" frameHeight="680"/>
	<SubTexture name="down0002" x="1899" y="0" width="810" height="551" frameX="-110" frameY="-129" frameWidth="1030" frameHeight="680"/>
	<SubTexture name="down0003" x="2709" y="0" width="769" height="592" frameX="-131" frameY="-88" frameWidth="1030" frameHeight="680"/>
	<SubTexture name="down0004" x="3478" y="0" width="739" height="621" frameX="-146" frameY="-58" frameWidth="1030" frameHeight="680"/>
	<SubTexture name="down0005" x="4217" y="0" width="717" height="644" frameX="-157" frameY="-36" frameWidth="1030" frameHeight="680"/>
	<SubTexture name="down0006" x="4934" y="0" width="700" height="661" frameX="-165" frameY="-19" frameWidth="1030" frameHeight="680"/>
	<SubTexture name="down0007" x="5634" y="0" width="689" height="672" frameX="-171" frameY="-8" frameWidth="1030" frameHeight="680"/>
	<SubTexture name="down0008" x="6323" y="0" width="683" height="678" frameX="-174" frameY="-2" frameWidth="1030" frameHeight="680"/>
	<SubTexture name="down0009" x="7006" y="0" width="680" height="680" frameX="-175" frameY="0" frameWidth="1030" frameHeight="680"/>
	<SubTexture name="idle0000" x="0" y="680" width="943" height="377" frameX="0" frameY="-303" frameWidth="943" frameHeight="680"/>
	<SubTexture name="idle0001" x="943" y="680" width="842" height="521" frameX="-29" frameY="-159" frameWidth="943" frameHeight="680"/>
	<SubTexture name="idle0002" x="1785" y="680" width="792" height="573" frameX="-40" frameY="-107" frameWidth="943" frameHeight="680"/>
	<SubTexture name="idle0003" x="2577" y="680" width="755" height="608" frameX="-47" frameY="-72" frameWidth="943" frameHeight="680"/>
	<SubTexture name="idle0004" x="3332" y="680" width="725" height="633" frameX="-53" frameY="-47" frameWidth="943" frameHeight="680"/>
	<SubTexture name="idle0005" x="4057" y="680" width="702" height="651" frameX="-57" frameY="-29" frameWidth="943" frameHeight="680"/>
	<SubTexture name="idle0006" x="4759" y="680" width="684" height="665" frameX="-60" frameY="-15" frameWidth="943" frameHeight="680"/>
	<SubTexture name="idle0007" x="5443" y="680" width="672" height="674" frameX="-62" frameY="-6" frameWidth="943" frameHeight="680"/>
	<SubTexture name="idle0008" x="6115" y="680" width="665" height="679" frameX="-63" frameY="-1" frameWidth="943" frameHeight="680"/>
	<SubTexture name="idle0009" x="6780" y="680" width="663" height="680" frameX="-63" frameY="0" frameWidth="943" frameHeight="680"/>
	<SubTexture name="left0000" x="0" y="1360" width="842" height="676" frameX="0" frameY="-6" frameWidth="842" frameHeight="682"/>
	<SubTexture name="left0001" x="842" y="1360" width="759" height="682" frameX="-83" frameY="0" frameWidth="842" frameHeight="682"/>
	<SubTexture name="left0002" x="1601" y="1360" width="729" height="682" frameX="-113" frameY="0" frameWidth="842" frameHeight="682"/>
	<SubTexture name="left0003" x="2330" y="1360" width="708" height="681" frameX="-134" frameY="-1" frameWidth="842" frameHeight="682"/>
	<SubTexture name="left0004" x="3038" y="1360" width="692" height="680" frameX="-150" frameY="-2" frameWidth="842" frameHeight="682"/>
	<SubTexture name="left0005" x="3730" y="1360" width="681" height="679" frameX="-161" frameY="-3" frameWidth="842" frameHeight="682"/>
	<SubTexture name="left0006" x="4411" y="1360" width="673" height="678" frameX="-169" frameY="-4" frameWidth="842" frameHeight="682"/>
	<SubTexture name="left0007" x="5084" y="1360" width="667" height="677" frameX="-175" frameY="-5" frameWidth="842" frameHeight="682"/>
	<SubTexture name="left0008" x="5751" y="1360" width="664" height="677" frameX="-178" frameY="-5" frameWidth="842" frameHeight="682"/>
	<SubTexture name="left0009" x="6415" y="1360" width="663" height="676" frameX="-179" frameY="-6" frameWidth="842" frameHeight="682"/>
	<SubTexture name="right0000" x="7078" y="1360" width="877" height="676" frameX="0" frameY="-9" frameWidth="877" frameHeight="685"/>
	<SubTexture name="right0001" x="0" y="2042" width="778" height="685" frameX="0" frameY="0" frameWidth="877" frameHeight="685"/>
	<SubTexture name="right0002" x="778" y="2042" width="741" height="684" frameX="0" frameY="-1" frameWidth="877" frameHeight="685"/>
	<SubTexture name="right0003" x="1519" y="2042" width="716" height="683" frameX="0" frameY="-2" frameWidth="877" frameHeight="685"/>
	<SubTexture name="right0004" x="2235" y="2042" width="698" height="681" frameX="0" frameY="-4" frameWidth="877" frameHeight="685"/>
	<SubTexture name="right0005" x="2933" y="2042" width="685" height="679" frameX="0" frameY="-6" frameWidth="877" frameHeight="685"/>
	<SubTexture name="right0006" x="3618" y="2042" width="675" height="678" frameX="0" frameY="-7" frameWidth="877" frameHeight="685"/>
	<SubTexture name="right0007" x="4293" y="2042" width="668" height="677" frameX="0" frameY="-8" frameWidth="877" frameHeight="685"/>
	<SubTexture name="right0008" x="4961" y="2042" width="664" height="677" frameX="0" frameY="-8" frameWidth="877" frameHeight="685"/>
	<SubTexture name="right0009" x="5625" y="2042" width="663" height="676" frameX="0" frameY="-9" frameWidth="877" frameHeight="685"/>
	<SubTexture name="up0000" x="6288" y="2042" width="377" height="839" frameX="-143" frameY="0" frameWidth="663" frameHeight="839"/>
	<SubTexture name="up0001" x="6665" y="2042" width="508" height="764" frameX="-77" frameY="-75" frameWidth="663" frameHeight="839"/>
	<SubTexture name="up0002" x="7173" y="2042" width="557" height="737" frameX="-53" frameY="-102" frameWidth="663" frameHeight="839"/>
	<SubTexture name="up0003" x="0" y="2881" width="589" height="718" frameX="-37" frameY="-121" frameWidth="663" frameHeight="839"/>
	<SubTexture name="up0004" x="589" y="2881" width="615" height="704" frameX="-24" frameY="-135" frameWidth="663" frameHeight="839"/>
	<SubTexture name="up0005" x="1204" y="2881" width="633" height="693" frameX="-15" frameY="-146" frameWidth="663" frameHeight="839"/>
	<SubTexture name="up0006" x="1837" y="2881" width="647" height="686" frameX="-8" frameY="-153" frameWidth="663" frameHeight="839"/>
	<SubTexture name="up0007" x="2484" y="2881" width="655" height="680" frameX="-4" frameY="-159" frameWidth="663" frameHeight="839"/>
	<SubTexture name="up0008" x="3139" y="2881" width="661" height="677" frameX="-1" frameY="-162" frameWidth="663" frameHeight="839"/>
	<SubTexture name="up0009" x="3800" y="2881" width="663" height="676" frameX="0" frameY="-163" frameWidth="663" frameHeight="839"/>
</TextureAtlas>
