﻿<?xml version="1.0" encoding="utf-8"?>
<TextureAtlas imagePath="MM_Boyfriend_Assets_causa.png">
	<!-- Created with Adobe Animate version 19.2.1.408 -->
	<!-- http://www.adobe.com/products/animate.html -->
	<SubTexture name="COOLDOWN0000" x="0" y="0" width="444" height="375"/>
	<SubTexture name="COOLDOWN0001" x="0" y="0" width="444" height="375"/>
	<SubTexture name="COOLDOWN0002" x="454" y="0" width="444" height="375"/>
	<SubTexture name="COOLDOWN0003" x="454" y="0" width="444" height="375"/>
	<SubTexture name="COOLDOWN0004" x="908" y="0" width="444" height="375"/>
	<SubTexture name="COOLDOWN0005" x="908" y="0" width="444" height="375"/>
	<SubTexture name="COOLDOWN0006" x="1362" y="0" width="444" height="375"/>
	<SubTexture name="COOLDOWN0007" x="1362" y="0" width="444" height="375"/>
	<SubTexture name="COOLDOWN0008" x="1362" y="0" width="444" height="375"/>
	<SubTexture name="COOLDOWN0009" x="1362" y="0" width="444" height="375"/>
	<SubTexture name="COOLDOWN0010" x="1362" y="0" width="444" height="375"/>
	<SubTexture name="COOLDOWN0011" x="1362" y="0" width="444" height="375"/>
	<SubTexture name="COOLDOWN0012" x="1362" y="0" width="444" height="375"/>
	<SubTexture name="COOLDOWN0013" x="1362" y="0" width="444" height="375"/>
	<SubTexture name="COOLLEFT0000" x="1816" y="0" width="460" height="444"/>
	<SubTexture name="COOLLEFT0001" x="1816" y="0" width="460" height="444"/>
	<SubTexture name="COOLLEFT0002" x="2286" y="0" width="460" height="444"/>
	<SubTexture name="COOLLEFT0003" x="2286" y="0" width="460" height="444"/>
	<SubTexture name="COOLLEFT0004" x="2756" y="0" width="460" height="444"/>
	<SubTexture name="COOLLEFT0005" x="2756" y="0" width="460" height="444"/>
	<SubTexture name="COOLLEFT0006" x="3226" y="0" width="460" height="444"/>
	<SubTexture name="COOLLEFT0007" x="3226" y="0" width="460" height="444"/>
	<SubTexture name="COOLLEFT0008" x="3226" y="0" width="460" height="444"/>
	<SubTexture name="COOLLEFT0009" x="3226" y="0" width="460" height="444"/>
	<SubTexture name="COOLLEFT0010" x="3226" y="0" width="460" height="444"/>
	<SubTexture name="COOLLEFT0011" x="3226" y="0" width="460" height="444"/>
	<SubTexture name="COOLLEFT0012" x="3226" y="0" width="460" height="444"/>
	<SubTexture name="COOLLEFT0013" x="3226" y="0" width="460" height="444"/>
	<SubTexture name="COOLRIGHT0000" x="0" y="454" width="444" height="444"/>
	<SubTexture name="COOLRIGHT0001" x="0" y="454" width="444" height="444"/>
	<SubTexture name="COOLRIGHT0002" x="454" y="454" width="444" height="444"/>
	<SubTexture name="COOLRIGHT0003" x="454" y="454" width="444" height="444"/>
	<SubTexture name="COOLRIGHT0004" x="908" y="454" width="444" height="444"/>
	<SubTexture name="COOLRIGHT0005" x="908" y="454" width="444" height="444"/>
	<SubTexture name="COOLRIGHT0006" x="1362" y="454" width="444" height="444"/>
	<SubTexture name="COOLRIGHT0007" x="1362" y="454" width="444" height="444"/>
	<SubTexture name="COOLRIGHT0008" x="1362" y="454" width="444" height="444"/>
	<SubTexture name="COOLRIGHT0009" x="1362" y="454" width="444" height="444"/>
	<SubTexture name="COOLRIGHT0010" x="1362" y="454" width="444" height="444"/>
	<SubTexture name="COOLRIGHT0011" x="1362" y="454" width="444" height="444"/>
	<SubTexture name="COOLRIGHT0012" x="1362" y="454" width="444" height="444"/>
	<SubTexture name="COOLRIGHT0013" x="1362" y="454" width="444" height="444"/>
	<SubTexture name="COOLUP0000" x="1816" y="454" width="456" height="557"/>
	<SubTexture name="COOLUP0001" x="1816" y="454" width="456" height="557"/>
	<SubTexture name="COOLUP0002" x="2282" y="454" width="456" height="557"/>
	<SubTexture name="COOLUP0003" x="2282" y="454" width="456" height="557"/>
	<SubTexture name="COOLUP0004" x="2748" y="454" width="456" height="557"/>
	<SubTexture name="COOLUP0005" x="2748" y="454" width="456" height="557"/>
	<SubTexture name="COOLUP0006" x="3214" y="454" width="456" height="557"/>
	<SubTexture name="COOLUP0007" x="3214" y="454" width="456" height="557"/>
	<SubTexture name="COOLUP0008" x="3214" y="454" width="456" height="557"/>
	<SubTexture name="COOLUP0009" x="3214" y="454" width="456" height="557"/>
	<SubTexture name="COOLUP0010" x="3214" y="454" width="456" height="557"/>
	<SubTexture name="COOLUP0011" x="3214" y="454" width="456" height="557"/>
	<SubTexture name="COOLUP0012" x="3214" y="454" width="456" height="557"/>
	<SubTexture name="COOLUP0013" x="3214" y="454" width="456" height="557"/>
	<SubTexture name="DODGE0000" x="2784" y="1511" width="603" height="487"/>
	<SubTexture name="DODGE0001" x="3397" y="1511" width="603" height="487"/>
	<SubTexture name="DODGE0002" x="3397" y="1511" width="603" height="487"/>
	<SubTexture name="DODGE0003" x="0" y="2088" width="603" height="487"/>
	<SubTexture name="DODGE0004" x="0" y="2088" width="603" height="487"/>
	<SubTexture name="DODGE0005" x="613" y="2088" width="603" height="487"/>
	<SubTexture name="DODGE0006" x="613" y="2088" width="603" height="487"/>
	<SubTexture name="DODGE0007" x="613" y="2088" width="603" height="487"/>
	<SubTexture name="DODGE0008" x="1226" y="2088" width="603" height="487"/>
	<SubTexture name="DODGE0009" x="1226" y="2088" width="603" height="487"/>
	<SubTexture name="DODGE0010" x="1226" y="2088" width="603" height="487"/>
	<SubTexture name="DODGE0011" x="1226" y="2088" width="603" height="487"/>
	<SubTexture name="DODGE0012" x="1226" y="2088" width="603" height="487"/>
	<SubTexture name="DODGE0013" x="1226" y="2088" width="603" height="487"/>
	<SubTexture name="DODGE0014" x="1226" y="2088" width="603" height="487"/>
	<SubTexture name="DODGE0015" x="1226" y="2088" width="603" height="487"/>
	<SubTexture name="DODGE0016" x="1226" y="2088" width="603" height="487"/>
	<SubTexture name="DODGE0017" x="1226" y="2088" width="603" height="487"/>
	<SubTexture name="DODGE0018" x="1226" y="2088" width="603" height="487"/>
	<SubTexture name="DODGE0019" x="1226" y="2088" width="603" height="487"/>
	<SubTexture name="DOWN0000" x="3680" y="454" width="402" height="401"/>
	<SubTexture name="DOWN0001" x="3680" y="454" width="402" height="401"/>
	<SubTexture name="DOWN0002" x="0" y="1021" width="402" height="401"/>
	<SubTexture name="DOWN0003" x="0" y="1021" width="402" height="401"/>
	<SubTexture name="DOWN0004" x="412" y="1021" width="402" height="401"/>
	<SubTexture name="DOWN0005" x="412" y="1021" width="402" height="401"/>
	<SubTexture name="DOWN0006" x="824" y="1021" width="402" height="401"/>
	<SubTexture name="DOWN0007" x="824" y="1021" width="402" height="401"/>
	<SubTexture name="DOWN0008" x="824" y="1021" width="402" height="401"/>
	<SubTexture name="DOWN0009" x="824" y="1021" width="402" height="401"/>
	<SubTexture name="DOWN0010" x="824" y="1021" width="402" height="401"/>
	<SubTexture name="DOWN0011" x="824" y="1021" width="402" height="401"/>
	<SubTexture name="DOWN0012" x="824" y="1021" width="402" height="401"/>
	<SubTexture name="DOWN0013" x="824" y="1021" width="402" height="401"/>
	<SubTexture name="HIT0000" x="1839" y="2088" width="501" height="519"/>
	<SubTexture name="HIT0001" x="2350" y="2088" width="501" height="519"/>
	<SubTexture name="HIT0002" x="2350" y="2088" width="501" height="519"/>
	<SubTexture name="HIT0003" x="2861" y="2088" width="501" height="519"/>
	<SubTexture name="HIT0004" x="2861" y="2088" width="501" height="519"/>
	<SubTexture name="HIT0005" x="3372" y="2088" width="501" height="519"/>
	<SubTexture name="HIT0006" x="3372" y="2088" width="501" height="519"/>
	<SubTexture name="HIT0007" x="0" y="2617" width="501" height="519"/>
	<SubTexture name="HIT0008" x="0" y="2617" width="501" height="519"/>
	<SubTexture name="HIT0009" x="511" y="2617" width="501" height="519"/>
	<SubTexture name="HIT0010" x="1022" y="2617" width="501" height="519"/>
	<SubTexture name="HIT0011" x="1022" y="2617" width="501" height="519"/>
	<SubTexture name="HIT0012" x="1533" y="2617" width="501" height="519"/>
	<SubTexture name="HIT0013" x="1533" y="2617" width="501" height="519"/>
	<SubTexture name="HIT0014" x="2044" y="2617" width="501" height="519"/>
	<SubTexture name="HIT0015" x="2044" y="2617" width="501" height="519"/>
	<SubTexture name="IDLE0000" x="2555" y="2617" width="442" height="441"/>
	<SubTexture name="IDLE0001" x="3007" y="2617" width="442" height="441"/>
	<SubTexture name="IDLE0002" x="3007" y="2617" width="442" height="441"/>
	<SubTexture name="IDLE0003" x="3459" y="2617" width="442" height="441"/>
	<SubTexture name="IDLE0004" x="3459" y="2617" width="442" height="441"/>
	<SubTexture name="IDLE0005" x="0" y="3146" width="442" height="441"/>
	<SubTexture name="IDLE0006" x="0" y="3146" width="442" height="441"/>
	<SubTexture name="IDLE0007" x="0" y="3146" width="442" height="441"/>
	<SubTexture name="IDLE0008" x="452" y="3146" width="442" height="441"/>
	<SubTexture name="IDLE0009" x="452" y="3146" width="442" height="441"/>
	<SubTexture name="IDLE0010" x="904" y="3146" width="442" height="441"/>
	<SubTexture name="IDLE0011" x="904" y="3146" width="442" height="441"/>
	<SubTexture name="IDLE0012" x="904" y="3146" width="442" height="441"/>
	<SubTexture name="IDLE0013" x="904" y="3146" width="442" height="441"/>
	<SubTexture name="IDLE0014" x="904" y="3146" width="442" height="441"/>
	<SubTexture name="LEFT0000" x="1356" y="3146" width="426" height="442"/>
	<SubTexture name="LEFT0001" x="1356" y="3146" width="426" height="442"/>
	<SubTexture name="LEFT0002" x="1792" y="3146" width="426" height="442"/>
	<SubTexture name="LEFT0003" x="1792" y="3146" width="426" height="442"/>
	<SubTexture name="LEFT0004" x="2228" y="3146" width="426" height="442"/>
	<SubTexture name="LEFT0005" x="2228" y="3146" width="426" height="442"/>
	<SubTexture name="LEFT0006" x="2664" y="3146" width="426" height="442"/>
	<SubTexture name="LEFT0007" x="2664" y="3146" width="426" height="442"/>
	<SubTexture name="LEFT0008" x="2664" y="3146" width="426" height="442"/>
	<SubTexture name="LEFT0009" x="2664" y="3146" width="426" height="442"/>
	<SubTexture name="LEFT0010" x="2664" y="3146" width="426" height="442"/>
	<SubTexture name="LEFT0011" x="2664" y="3146" width="426" height="442"/>
	<SubTexture name="MISSCOOLDOWN0000" x="1236" y="1021" width="447" height="413"/>
	<SubTexture name="MISSCOOLDOWN0001" x="1693" y="1021" width="447" height="413"/>
	<SubTexture name="MISSCOOLDOWN0002" x="1693" y="1021" width="447" height="413"/>
	<SubTexture name="MISSCOOLDOWN0003" x="2150" y="1021" width="447" height="413"/>
	<SubTexture name="MISSCOOLDOWN0004" x="2150" y="1021" width="447" height="413"/>
	<SubTexture name="MISSCOOLDOWN0005" x="2150" y="1021" width="447" height="413"/>
	<SubTexture name="MISSCOOLDOWN0006" x="2150" y="1021" width="447" height="413"/>
	<SubTexture name="MISSCOOLDOWN0007" x="2150" y="1021" width="447" height="413"/>
	<SubTexture name="MISSCOOLDOWN0008" x="2150" y="1021" width="447" height="413"/>
	<SubTexture name="MISSCOOLDOWN0009" x="2150" y="1021" width="447" height="413"/>
	<SubTexture name="MISSCOOLDOWN0010" x="2150" y="1021" width="447" height="413"/>
	<SubTexture name="MISSCOOLDOWN0011" x="2150" y="1021" width="447" height="413"/>
	<SubTexture name="MISSCOOLDOWN0012" x="2150" y="1021" width="447" height="413"/>
	<SubTexture name="MISSCOOLDOWN0013" x="2150" y="1021" width="447" height="413"/>
	<SubTexture name="MISSCOOLLEFT0000" x="2607" y="1021" width="464" height="480"/>
	<SubTexture name="MISSCOOLLEFT0001" x="3081" y="1021" width="464" height="480"/>
	<SubTexture name="MISSCOOLLEFT0002" x="3081" y="1021" width="464" height="480"/>
	<SubTexture name="MISSCOOLLEFT0003" x="3555" y="1021" width="464" height="480"/>
	<SubTexture name="MISSCOOLLEFT0004" x="3555" y="1021" width="464" height="480"/>
	<SubTexture name="MISSCOOLLEFT0005" x="3555" y="1021" width="464" height="480"/>
	<SubTexture name="MISSCOOLLEFT0006" x="3555" y="1021" width="464" height="480"/>
	<SubTexture name="MISSCOOLLEFT0007" x="3555" y="1021" width="464" height="480"/>
	<SubTexture name="MISSCOOLLEFT0008" x="3555" y="1021" width="464" height="480"/>
	<SubTexture name="MISSCOOLLEFT0009" x="3555" y="1021" width="464" height="480"/>
	<SubTexture name="MISSCOOLLEFT0010" x="3555" y="1021" width="464" height="480"/>
	<SubTexture name="MISSCOOLLEFT0011" x="3555" y="1021" width="464" height="480"/>
	<SubTexture name="MISSCOOLLEFT0012" x="3555" y="1021" width="464" height="480"/>
	<SubTexture name="MISSCOOLLEFT0013" x="3555" y="1021" width="464" height="480"/>
	<SubTexture name="MISSCOOLRIGHT0000" x="0" y="1511" width="443" height="474"/>
	<SubTexture name="MISSCOOLRIGHT0001" x="453" y="1511" width="443" height="474"/>
	<SubTexture name="MISSCOOLRIGHT0002" x="453" y="1511" width="443" height="474"/>
	<SubTexture name="MISSCOOLRIGHT0003" x="906" y="1511" width="443" height="474"/>
	<SubTexture name="MISSCOOLRIGHT0004" x="906" y="1511" width="443" height="474"/>
	<SubTexture name="MISSCOOLRIGHT0005" x="906" y="1511" width="443" height="474"/>
	<SubTexture name="MISSCOOLRIGHT0006" x="906" y="1511" width="443" height="474"/>
	<SubTexture name="MISSCOOLRIGHT0007" x="906" y="1511" width="443" height="474"/>
	<SubTexture name="MISSCOOLRIGHT0008" x="906" y="1511" width="443" height="474"/>
	<SubTexture name="MISSCOOLRIGHT0009" x="906" y="1511" width="443" height="474"/>
	<SubTexture name="MISSCOOLRIGHT0010" x="906" y="1511" width="443" height="474"/>
	<SubTexture name="MISSCOOLRIGHT0011" x="906" y="1511" width="443" height="474"/>
	<SubTexture name="MISSCOOLRIGHT0012" x="906" y="1511" width="443" height="474"/>
	<SubTexture name="MISSCOOLUP0000" x="1359" y="1511" width="465" height="567"/>
	<SubTexture name="MISSCOOLUP0001" x="1834" y="1511" width="465" height="567"/>
	<SubTexture name="MISSCOOLUP0002" x="1834" y="1511" width="465" height="567"/>
	<SubTexture name="MISSCOOLUP0003" x="2309" y="1511" width="465" height="567"/>
	<SubTexture name="MISSCOOLUP0004" x="2309" y="1511" width="465" height="567"/>
	<SubTexture name="MISSCOOLUP0005" x="2309" y="1511" width="465" height="567"/>
	<SubTexture name="MISSCOOLUP0006" x="2309" y="1511" width="465" height="567"/>
	<SubTexture name="MISSCOOLUP0007" x="2309" y="1511" width="465" height="567"/>
	<SubTexture name="MISSCOOLUP0008" x="2309" y="1511" width="465" height="567"/>
	<SubTexture name="MISSCOOLUP0009" x="2309" y="1511" width="465" height="567"/>
	<SubTexture name="MISSCOOLUP0010" x="2309" y="1511" width="465" height="567"/>
	<SubTexture name="MISSCOOLUP0011" x="2309" y="1511" width="465" height="567"/>
	<SubTexture name="MISSCOOLUP0012" x="2309" y="1511" width="465" height="567"/>
	<SubTexture name="MISSDOWN0000" x="3100" y="3146" width="402" height="448"/>
	<SubTexture name="MISSDOWN0001" x="3512" y="3146" width="402" height="448"/>
	<SubTexture name="MISSDOWN0002" x="3512" y="3146" width="402" height="448"/>
	<SubTexture name="MISSDOWN0003" x="0" y="3604" width="402" height="448"/>
	<SubTexture name="MISSDOWN0004" x="0" y="3604" width="402" height="448"/>
	<SubTexture name="MISSDOWN0005" x="0" y="3604" width="402" height="448"/>
	<SubTexture name="MISSDOWN0006" x="0" y="3604" width="402" height="448"/>
	<SubTexture name="MISSDOWN0007" x="0" y="3604" width="402" height="448"/>
	<SubTexture name="MISSDOWN0008" x="0" y="3604" width="402" height="448"/>
	<SubTexture name="MISSDOWN0009" x="0" y="3604" width="402" height="448"/>
	<SubTexture name="MISSDOWN0010" x="0" y="3604" width="402" height="448"/>
	<SubTexture name="MISSDOWN0011" x="0" y="3604" width="402" height="448"/>
	<SubTexture name="MISSDOWN0012" x="0" y="3604" width="402" height="448"/>
	<SubTexture name="MISSLEFT0000" x="412" y="3604" width="426" height="448"/>
	<SubTexture name="MISSLEFT0001" x="848" y="3604" width="426" height="448"/>
	<SubTexture name="MISSLEFT0002" x="848" y="3604" width="426" height="448"/>
	<SubTexture name="MISSLEFT0003" x="1284" y="3604" width="426" height="448"/>
	<SubTexture name="MISSLEFT0004" x="1284" y="3604" width="426" height="448"/>
	<SubTexture name="MISSLEFT0005" x="1284" y="3604" width="426" height="448"/>
	<SubTexture name="MISSLEFT0006" x="1284" y="3604" width="426" height="448"/>
	<SubTexture name="MISSLEFT0007" x="1284" y="3604" width="426" height="448"/>
	<SubTexture name="MISSLEFT0008" x="1284" y="3604" width="426" height="448"/>
	<SubTexture name="MISSLEFT0009" x="1284" y="3604" width="426" height="448"/>
	<SubTexture name="MISSLEFT0010" x="1284" y="3604" width="426" height="448"/>
	<SubTexture name="MISSRIGHT0000" x="1720" y="3604" width="429" height="471"/>
	<SubTexture name="MISSRIGHT0001" x="2159" y="3604" width="429" height="471"/>
	<SubTexture name="MISSRIGHT0002" x="2159" y="3604" width="429" height="471"/>
	<SubTexture name="MISSRIGHT0003" x="2598" y="3604" width="429" height="471"/>
	<SubTexture name="MISSRIGHT0004" x="2598" y="3604" width="429" height="471"/>
	<SubTexture name="MISSRIGHT0005" x="2598" y="3604" width="429" height="471"/>
	<SubTexture name="MISSRIGHT0006" x="2598" y="3604" width="429" height="471"/>
	<SubTexture name="MISSRIGHT0007" x="2598" y="3604" width="429" height="471"/>
	<SubTexture name="MISSRIGHT0008" x="2598" y="3604" width="429" height="471"/>
	<SubTexture name="MISSRIGHT0009" x="2598" y="3604" width="429" height="471"/>
	<SubTexture name="MISSRIGHT0010" x="2598" y="3604" width="429" height="471"/>
	<SubTexture name="MISSSCAREDDOWN0000" x="0" y="4628" width="402" height="404"/>
	<SubTexture name="MISSSCAREDDOWN0001" x="412" y="4628" width="402" height="404"/>
	<SubTexture name="MISSSCAREDDOWN0002" x="412" y="4628" width="402" height="404"/>
	<SubTexture name="MISSSCAREDDOWN0003" x="824" y="4628" width="402" height="404"/>
	<SubTexture name="MISSSCAREDDOWN0004" x="824" y="4628" width="402" height="404"/>
	<SubTexture name="MISSSCAREDDOWN0005" x="824" y="4628" width="402" height="404"/>
	<SubTexture name="MISSSCAREDDOWN0006" x="824" y="4628" width="402" height="404"/>
	<SubTexture name="MISSSCAREDDOWN0007" x="824" y="4628" width="402" height="404"/>
	<SubTexture name="MISSSCAREDDOWN0008" x="824" y="4628" width="402" height="404"/>
	<SubTexture name="MISSSCAREDDOWN0009" x="824" y="4628" width="402" height="404"/>
	<SubTexture name="MISSSCAREDDOWN0010" x="824" y="4628" width="402" height="404"/>
	<SubTexture name="MISSSCAREDDOWN0011" x="824" y="4628" width="402" height="404"/>
	<SubTexture name="MISSSCAREDDOWN0012" x="824" y="4628" width="402" height="404"/>
	<SubTexture name="MISSSCAREDLEFT0000" x="1236" y="4628" width="464" height="465"/>
	<SubTexture name="MISSSCAREDLEFT0001" x="1710" y="4628" width="464" height="465"/>
	<SubTexture name="MISSSCAREDLEFT0002" x="1710" y="4628" width="464" height="465"/>
	<SubTexture name="MISSSCAREDLEFT0003" x="2184" y="4628" width="464" height="465"/>
	<SubTexture name="MISSSCAREDLEFT0004" x="2184" y="4628" width="464" height="465"/>
	<SubTexture name="MISSSCAREDLEFT0005" x="2184" y="4628" width="464" height="465"/>
	<SubTexture name="MISSSCAREDLEFT0006" x="2184" y="4628" width="464" height="465"/>
	<SubTexture name="MISSSCAREDLEFT0007" x="2184" y="4628" width="464" height="465"/>
	<SubTexture name="MISSSCAREDLEFT0008" x="2184" y="4628" width="464" height="465"/>
	<SubTexture name="MISSSCAREDLEFT0009" x="2184" y="4628" width="464" height="465"/>
	<SubTexture name="MISSSCAREDLEFT0010" x="2184" y="4628" width="464" height="465"/>
	<SubTexture name="MISSSCAREDRIGHT0000" x="2658" y="4628" width="431" height="471"/>
	<SubTexture name="MISSSCAREDRIGHT0001" x="3099" y="4628" width="431" height="471"/>
	<SubTexture name="MISSSCAREDRIGHT0002" x="3099" y="4628" width="431" height="471"/>
	<SubTexture name="MISSSCAREDRIGHT0003" x="3540" y="4628" width="431" height="471"/>
	<SubTexture name="MISSSCAREDRIGHT0004" x="3540" y="4628" width="431" height="471"/>
	<SubTexture name="MISSSCAREDRIGHT0005" x="3540" y="4628" width="431" height="471"/>
	<SubTexture name="MISSSCAREDRIGHT0006" x="3540" y="4628" width="431" height="471"/>
	<SubTexture name="MISSSCAREDRIGHT0007" x="3540" y="4628" width="431" height="471"/>
	<SubTexture name="MISSSCAREDRIGHT0008" x="3540" y="4628" width="431" height="471"/>
	<SubTexture name="MISSSCAREDRIGHT0009" x="3540" y="4628" width="431" height="471"/>
	<SubTexture name="MISSSCAREDRIGHT0010" x="3540" y="4628" width="431" height="471"/>
	<SubTexture name="MISSSCAREDUP0000" x="0" y="5109" width="453" height="532"/>
	<SubTexture name="MISSSCAREDUP0001" x="463" y="5109" width="453" height="532"/>
	<SubTexture name="MISSSCAREDUP0002" x="463" y="5109" width="453" height="532"/>
	<SubTexture name="MISSSCAREDUP0003" x="926" y="5109" width="453" height="532"/>
	<SubTexture name="MISSSCAREDUP0004" x="926" y="5109" width="453" height="532"/>
	<SubTexture name="MISSSCAREDUP0005" x="926" y="5109" width="453" height="532"/>
	<SubTexture name="MISSSCAREDUP0006" x="926" y="5109" width="453" height="532"/>
	<SubTexture name="MISSSCAREDUP0007" x="926" y="5109" width="453" height="532"/>
	<SubTexture name="MISSSCAREDUP0008" x="926" y="5109" width="453" height="532"/>
	<SubTexture name="MISSSCAREDUP0009" x="926" y="5109" width="453" height="532"/>
	<SubTexture name="MISSSCAREDUP0010" x="926" y="5109" width="453" height="532"/>
	<SubTexture name="MISSSCAREDUP0011" x="926" y="5109" width="453" height="532"/>
	<SubTexture name="MISSSCAREDUP0012" x="926" y="5109" width="453" height="532"/>
	<SubTexture name="MISSUP0000" x="3037" y="3604" width="451" height="502"/>
	<SubTexture name="MISSUP0001" x="3498" y="3604" width="451" height="502"/>
	<SubTexture name="MISSUP0002" x="3498" y="3604" width="451" height="502"/>
	<SubTexture name="MISSUP0003" x="0" y="4116" width="451" height="502"/>
	<SubTexture name="MISSUP0004" x="0" y="4116" width="451" height="502"/>
	<SubTexture name="MISSUP0005" x="0" y="4116" width="451" height="502"/>
	<SubTexture name="MISSUP0006" x="0" y="4116" width="451" height="502"/>
	<SubTexture name="MISSUP0007" x="0" y="4116" width="451" height="502"/>
	<SubTexture name="MISSUP0008" x="0" y="4116" width="451" height="502"/>
	<SubTexture name="MISSUP0009" x="0" y="4116" width="451" height="502"/>
	<SubTexture name="RIGHT0000" x="461" y="4116" width="430" height="441"/>
	<SubTexture name="RIGHT0001" x="461" y="4116" width="430" height="441"/>
	<SubTexture name="RIGHT0002" x="901" y="4116" width="430" height="441"/>
	<SubTexture name="RIGHT0003" x="901" y="4116" width="430" height="441"/>
	<SubTexture name="RIGHT0004" x="1341" y="4116" width="430" height="441"/>
	<SubTexture name="RIGHT0005" x="1341" y="4116" width="430" height="441"/>
	<SubTexture name="RIGHT0006" x="1781" y="4116" width="430" height="441"/>
	<SubTexture name="RIGHT0007" x="1781" y="4116" width="430" height="441"/>
	<SubTexture name="RIGHT0008" x="1781" y="4116" width="430" height="441"/>
	<SubTexture name="RIGHT0009" x="1781" y="4116" width="430" height="441"/>
	<SubTexture name="RIGHT0010" x="1781" y="4116" width="430" height="441"/>
	<SubTexture name="RIGHT0011" x="1781" y="4116" width="430" height="441"/>
	<SubTexture name="SCAREDDOWN0000" x="1389" y="5109" width="402" height="401"/>
	<SubTexture name="SCAREDDOWN0001" x="1389" y="5109" width="402" height="401"/>
	<SubTexture name="SCAREDDOWN0002" x="1801" y="5109" width="402" height="401"/>
	<SubTexture name="SCAREDDOWN0003" x="1801" y="5109" width="402" height="401"/>
	<SubTexture name="SCAREDDOWN0004" x="2213" y="5109" width="402" height="401"/>
	<SubTexture name="SCAREDDOWN0005" x="2213" y="5109" width="402" height="401"/>
	<SubTexture name="SCAREDDOWN0006" x="2625" y="5109" width="402" height="401"/>
	<SubTexture name="SCAREDDOWN0007" x="2625" y="5109" width="402" height="401"/>
	<SubTexture name="SCAREDDOWN0008" x="2625" y="5109" width="402" height="401"/>
	<SubTexture name="SCAREDDOWN0009" x="2625" y="5109" width="402" height="401"/>
	<SubTexture name="SCAREDDOWN0010" x="2625" y="5109" width="402" height="401"/>
	<SubTexture name="SCAREDDOWN0011" x="2625" y="5109" width="402" height="401"/>
	<SubTexture name="SCAREDDOWN0012" x="2625" y="5109" width="402" height="401"/>
	<SubTexture name="SCAREDDOWN0013" x="2625" y="5109" width="402" height="401"/>
	<SubTexture name="SCAREDIDLE0000" x="3037" y="5109" width="446" height="441"/>
	<SubTexture name="SCAREDIDLE0001" x="3493" y="5109" width="446" height="441"/>
	<SubTexture name="SCAREDIDLE0002" x="3493" y="5109" width="446" height="441"/>
	<SubTexture name="SCAREDIDLE0003" x="0" y="5651" width="446" height="441"/>
	<SubTexture name="SCAREDIDLE0004" x="0" y="5651" width="446" height="441"/>
	<SubTexture name="SCAREDIDLE0005" x="456" y="5651" width="446" height="441"/>
	<SubTexture name="SCAREDIDLE0006" x="456" y="5651" width="446" height="441"/>
	<SubTexture name="SCAREDIDLE0007" x="456" y="5651" width="446" height="441"/>
	<SubTexture name="SCAREDIDLE0008" x="912" y="5651" width="446" height="441"/>
	<SubTexture name="SCAREDIDLE0009" x="912" y="5651" width="446" height="441"/>
	<SubTexture name="SCAREDIDLE0010" x="912" y="5651" width="446" height="441"/>
	<SubTexture name="SCAREDIDLE0011" x="1368" y="5651" width="446" height="441"/>
	<SubTexture name="SCAREDIDLE0012" x="1368" y="5651" width="446" height="441"/>
	<SubTexture name="SCAREDIDLE0013" x="1368" y="5651" width="446" height="441"/>
	<SubTexture name="SCAREDIDLE0014" x="1368" y="5651" width="446" height="441"/>
	<SubTexture name="SCAREDLEFT0000" x="1824" y="5651" width="462" height="442"/>
	<SubTexture name="SCAREDLEFT0001" x="1824" y="5651" width="462" height="442"/>
	<SubTexture name="SCAREDLEFT0002" x="2296" y="5651" width="462" height="442"/>
	<SubTexture name="SCAREDLEFT0003" x="2296" y="5651" width="462" height="442"/>
	<SubTexture name="SCAREDLEFT0004" x="2768" y="5651" width="462" height="442"/>
	<SubTexture name="SCAREDLEFT0005" x="2768" y="5651" width="462" height="442"/>
	<SubTexture name="SCAREDLEFT0006" x="3240" y="5651" width="462" height="442"/>
	<SubTexture name="SCAREDLEFT0007" x="3240" y="5651" width="462" height="442"/>
	<SubTexture name="SCAREDLEFT0008" x="3240" y="5651" width="462" height="442"/>
	<SubTexture name="SCAREDLEFT0009" x="3240" y="5651" width="462" height="442"/>
	<SubTexture name="SCAREDLEFT0010" x="3240" y="5651" width="462" height="442"/>
	<SubTexture name="SCAREDLEFT0011" x="3240" y="5651" width="462" height="442"/>
	<SubTexture name="SCAREDRIGHT0000" x="0" y="6103" width="430" height="441"/>
	<SubTexture name="SCAREDRIGHT0001" x="0" y="6103" width="430" height="441"/>
	<SubTexture name="SCAREDRIGHT0002" x="440" y="6103" width="430" height="441"/>
	<SubTexture name="SCAREDRIGHT0003" x="440" y="6103" width="430" height="441"/>
	<SubTexture name="SCAREDRIGHT0004" x="880" y="6103" width="430" height="441"/>
	<SubTexture name="SCAREDRIGHT0005" x="880" y="6103" width="430" height="441"/>
	<SubTexture name="SCAREDRIGHT0006" x="1320" y="6103" width="430" height="441"/>
	<SubTexture name="SCAREDRIGHT0007" x="1320" y="6103" width="430" height="441"/>
	<SubTexture name="SCAREDRIGHT0008" x="1320" y="6103" width="430" height="441"/>
	<SubTexture name="SCAREDRIGHT0009" x="1320" y="6103" width="430" height="441"/>
	<SubTexture name="SCAREDRIGHT0010" x="1320" y="6103" width="430" height="441"/>
	<SubTexture name="SCAREDRIGHT0011" x="1320" y="6103" width="430" height="441"/>
	<SubTexture name="SCAREDUP0000" x="1760" y="6103" width="451" height="500"/>
	<SubTexture name="SCAREDUP0001" x="1760" y="6103" width="451" height="500"/>
	<SubTexture name="SCAREDUP0002" x="2221" y="6103" width="451" height="500"/>
	<SubTexture name="SCAREDUP0003" x="2221" y="6103" width="451" height="500"/>
	<SubTexture name="SCAREDUP0004" x="2682" y="6103" width="451" height="500"/>
	<SubTexture name="SCAREDUP0005" x="2682" y="6103" width="451" height="500"/>
	<SubTexture name="SCAREDUP0006" x="3143" y="6103" width="451" height="500"/>
	<SubTexture name="SCAREDUP0007" x="3143" y="6103" width="451" height="500"/>
	<SubTexture name="SCAREDUP0008" x="3143" y="6103" width="451" height="500"/>
	<SubTexture name="SCAREDUP0009" x="3143" y="6103" width="451" height="500"/>
	<SubTexture name="SCAREDUP0010" x="3143" y="6103" width="451" height="500"/>
	<SubTexture name="SCAREDUP0011" x="3143" y="6103" width="451" height="500"/>
	<SubTexture name="SCAREDUP0012" x="3143" y="6103" width="451" height="500"/>
	<SubTexture name="SCAREDUP0013" x="3143" y="6103" width="451" height="500"/>
	<SubTexture name="UP0000" x="2221" y="4116" width="451" height="500"/>
	<SubTexture name="UP0001" x="2221" y="4116" width="451" height="500"/>
	<SubTexture name="UP0002" x="2682" y="4116" width="451" height="500"/>
	<SubTexture name="UP0003" x="2682" y="4116" width="451" height="500"/>
	<SubTexture name="UP0004" x="3143" y="4116" width="451" height="500"/>
	<SubTexture name="UP0005" x="3143" y="4116" width="451" height="500"/>
	<SubTexture name="UP0006" x="3604" y="4116" width="451" height="500"/>
	<SubTexture name="UP0007" x="3604" y="4116" width="451" height="500"/>
	<SubTexture name="UP0008" x="3604" y="4116" width="451" height="500"/>
	<SubTexture name="UP0009" x="3604" y="4116" width="451" height="500"/>
	<SubTexture name="UP0010" x="3604" y="4116" width="451" height="500"/>
	<SubTexture name="UP0011" x="3604" y="4116" width="451" height="500"/>
	<SubTexture name="UP0012" x="3604" y="4116" width="451" height="500"/>
	<SubTexture name="UP0013" x="3604" y="4116" width="451" height="500"/>
	<SubTexture name="esotilin0000" x="3604" y="6103" width="291" height="406"/>
</TextureAtlas>
