﻿<?xml version="1.0" encoding="utf-8"?>
<TextureAtlas imagePath="zavi.png">
	<!-- Created with Adobe Animate version 22.0.5.191 -->
	<!-- http://www.adobe.com/products/animate.html -->
	<SubTexture name="BF NOTE DOWN0000" x="0" y="0" width="299" height="385" frameX="0" frameY="-3" frameWidth="299" frameHeight="388"/>
	<SubTexture name="BF NOTE DOWN0001" x="0" y="0" width="299" height="385" frameX="0" frameY="-3" frameWidth="299" frameHeight="388"/>
	<SubTexture name="BF NOTE DOWN0002" x="299" y="0" width="293" height="387" frameX="-3" frameY="0" frameWidth="299" frameHeight="388"/>
	<SubTexture name="BF NOTE DOWN0003" x="299" y="0" width="293" height="387" frameX="-3" frameY="0" frameWidth="299" frameHeight="388"/>
	<SubTexture name="BF NOTE DOWN0004" x="299" y="0" width="293" height="387" frameX="-3" frameY="0" frameWidth="299" frameHeight="388"/>
	<SubTexture name="BF NOTE DOWN0005" x="299" y="0" width="293" height="387" frameX="-3" frameY="0" frameWidth="299" frameHeight="388"/>
	<SubTexture name="BF NOTE DOWN0006" x="299" y="0" width="293" height="387" frameX="-3" frameY="0" frameWidth="299" frameHeight="388"/>
	<SubTexture name="BF NOTE DOWN0007" x="592" y="0" width="283" height="374" frameX="-3" frameY="0" frameWidth="299" frameHeight="388"/>
	<SubTexture name="BF NOTE DOWN0008" x="592" y="0" width="283" height="374" frameX="-3" frameY="0" frameWidth="299" frameHeight="388"/>
	<SubTexture name="BF NOTE DOWN0009" x="592" y="0" width="283" height="374" frameX="-3" frameY="0" frameWidth="299" frameHeight="388"/>
	<SubTexture name="BF NOTE DOWN0010" x="592" y="0" width="283" height="374" frameX="-3" frameY="0" frameWidth="299" frameHeight="388"/>
	<SubTexture name="BF NOTE DOWN0011" x="592" y="0" width="283" height="374" frameX="-3" frameY="0" frameWidth="299" frameHeight="388"/>
	<SubTexture name="BF NOTE DOWN0012" x="592" y="0" width="283" height="374" frameX="-3" frameY="0" frameWidth="299" frameHeight="388"/>
	<SubTexture name="BF NOTE DOWN0013" x="592" y="0" width="283" height="374" frameX="-3" frameY="0" frameWidth="299" frameHeight="388"/>
	<SubTexture name="BF NOTE LEFT0000" x="875" y="0" width="288" height="438"/>
	<SubTexture name="BF NOTE LEFT0001" x="875" y="0" width="288" height="438"/>
	<SubTexture name="BF NOTE LEFT0002" x="1163" y="0" width="285" height="437" frameX="-3" frameY="-1" frameWidth="288" frameHeight="438"/>
	<SubTexture name="BF NOTE LEFT0003" x="1448" y="0" width="285" height="437" frameX="-3" frameY="-1" frameWidth="288" frameHeight="438"/>
	<SubTexture name="BF NOTE LEFT0004" x="1733" y="0" width="285" height="437" frameX="-3" frameY="-1" frameWidth="288" frameHeight="438"/>
	<SubTexture name="BF NOTE LEFT0005" x="0" y="438" width="273" height="425" frameX="-3" frameY="-1" frameWidth="288" frameHeight="438"/>
	<SubTexture name="BF NOTE LEFT0006" x="0" y="438" width="273" height="425" frameX="-3" frameY="-1" frameWidth="288" frameHeight="438"/>
	<SubTexture name="BF NOTE LEFT0007" x="0" y="438" width="273" height="425" frameX="-3" frameY="-1" frameWidth="288" frameHeight="438"/>
	<SubTexture name="BF NOTE LEFT0008" x="0" y="438" width="273" height="425" frameX="-3" frameY="-1" frameWidth="288" frameHeight="438"/>
	<SubTexture name="BF NOTE LEFT0009" x="0" y="438" width="273" height="425" frameX="-3" frameY="-1" frameWidth="288" frameHeight="438"/>
	<SubTexture name="BF NOTE LEFT0010" x="0" y="438" width="273" height="425" frameX="-3" frameY="-1" frameWidth="288" frameHeight="438"/>
	<SubTexture name="BF NOTE LEFT0011" x="0" y="438" width="273" height="425" frameX="-3" frameY="-1" frameWidth="288" frameHeight="438"/>
	<SubTexture name="BF NOTE LEFT0012" x="0" y="438" width="273" height="425" frameX="-3" frameY="-1" frameWidth="288" frameHeight="438"/>
	<SubTexture name="BF NOTE LEFT0013" x="0" y="438" width="273" height="425" frameX="-3" frameY="-1" frameWidth="288" frameHeight="438"/>
	<SubTexture name="BF NOTE RIGHT0000" x="273" y="438" width="301" height="449"/>
	<SubTexture name="BF NOTE RIGHT0001" x="273" y="438" width="301" height="449"/>
	<SubTexture name="BF NOTE RIGHT0002" x="574" y="438" width="299" height="448" frameX="0" frameY="-1" frameWidth="301" frameHeight="449"/>
	<SubTexture name="BF NOTE RIGHT0003" x="574" y="438" width="299" height="448" frameX="0" frameY="-1" frameWidth="301" frameHeight="449"/>
	<SubTexture name="BF NOTE RIGHT0004" x="574" y="438" width="299" height="448" frameX="0" frameY="-1" frameWidth="301" frameHeight="449"/>
	<SubTexture name="BF NOTE RIGHT0005" x="873" y="438" width="291" height="436" frameX="-8" frameY="-1" frameWidth="301" frameHeight="449"/>
	<SubTexture name="BF NOTE RIGHT0006" x="873" y="438" width="291" height="436" frameX="-8" frameY="-1" frameWidth="301" frameHeight="449"/>
	<SubTexture name="BF NOTE RIGHT0007" x="873" y="438" width="291" height="436" frameX="-8" frameY="-1" frameWidth="301" frameHeight="449"/>
	<SubTexture name="BF NOTE RIGHT0008" x="873" y="438" width="291" height="436" frameX="-8" frameY="-1" frameWidth="301" frameHeight="449"/>
	<SubTexture name="BF NOTE RIGHT0009" x="873" y="438" width="291" height="436" frameX="-8" frameY="-1" frameWidth="301" frameHeight="449"/>
	<SubTexture name="BF NOTE RIGHT0010" x="873" y="438" width="291" height="436" frameX="-8" frameY="-1" frameWidth="301" frameHeight="449"/>
	<SubTexture name="BF NOTE RIGHT0011" x="873" y="438" width="291" height="436" frameX="-8" frameY="-1" frameWidth="301" frameHeight="449"/>
	<SubTexture name="BF NOTE RIGHT0012" x="873" y="438" width="291" height="436" frameX="-8" frameY="-1" frameWidth="301" frameHeight="449"/>
	<SubTexture name="BF NOTE RIGHT0013" x="873" y="438" width="291" height="436" frameX="-8" frameY="-1" frameWidth="301" frameHeight="449"/>
	<SubTexture name="BF NOTE UP0000" x="1164" y="438" width="351" height="469" frameX="-1" frameY="0" frameWidth="352" frameHeight="469"/>
	<SubTexture name="BF NOTE UP0001" x="1164" y="438" width="351" height="469" frameX="-1" frameY="0" frameWidth="352" frameHeight="469"/>
	<SubTexture name="BF NOTE UP0002" x="1515" y="438" width="327" height="464" frameX="0" frameY="-5" frameWidth="352" frameHeight="469"/>
	<SubTexture name="BF NOTE UP0003" x="1515" y="438" width="327" height="464" frameX="0" frameY="-5" frameWidth="352" frameHeight="469"/>
	<SubTexture name="BF NOTE UP0004" x="1515" y="438" width="327" height="464" frameX="0" frameY="-5" frameWidth="352" frameHeight="469"/>
	<SubTexture name="BF NOTE UP0005" x="0" y="907" width="324" height="452" frameX="-3" frameY="-5" frameWidth="352" frameHeight="469"/>
	<SubTexture name="BF NOTE UP0006" x="0" y="907" width="324" height="452" frameX="-3" frameY="-5" frameWidth="352" frameHeight="469"/>
	<SubTexture name="BF NOTE UP0007" x="0" y="907" width="324" height="452" frameX="-3" frameY="-5" frameWidth="352" frameHeight="469"/>
	<SubTexture name="BF NOTE UP0008" x="0" y="907" width="324" height="452" frameX="-3" frameY="-5" frameWidth="352" frameHeight="469"/>
	<SubTexture name="BF NOTE UP0009" x="0" y="907" width="324" height="452" frameX="-3" frameY="-5" frameWidth="352" frameHeight="469"/>
	<SubTexture name="BF NOTE UP0010" x="0" y="907" width="324" height="452" frameX="-3" frameY="-5" frameWidth="352" frameHeight="469"/>
	<SubTexture name="BF NOTE UP0011" x="0" y="907" width="324" height="452" frameX="-3" frameY="-5" frameWidth="352" frameHeight="469"/>
	<SubTexture name="BF NOTE UP0012" x="0" y="907" width="324" height="452" frameX="-3" frameY="-5" frameWidth="352" frameHeight="469"/>
	<SubTexture name="BF NOTE UP0013" x="0" y="907" width="324" height="452" frameX="-3" frameY="-5" frameWidth="352" frameHeight="469"/>
	<SubTexture name="BF NOTE UP0014" x="0" y="907" width="324" height="452" frameX="-3" frameY="-5" frameWidth="352" frameHeight="469"/>
	<SubTexture name="BF idle dance0000" x="324" y="907" width="289" height="424" frameX="-3" frameY="-15" frameWidth="296" frameHeight="439"/>
	<SubTexture name="BF idle dance0001" x="324" y="907" width="289" height="424" frameX="-3" frameY="-15" frameWidth="296" frameHeight="439"/>
	<SubTexture name="BF idle dance0002" x="613" y="907" width="292" height="426" frameX="-1" frameY="-13" frameWidth="296" frameHeight="439"/>
	<SubTexture name="BF idle dance0003" x="613" y="907" width="292" height="426" frameX="-1" frameY="-13" frameWidth="296" frameHeight="439"/>
	<SubTexture name="BF idle dance0004" x="905" y="907" width="290" height="429" frameX="-3" frameY="-10" frameWidth="296" frameHeight="439"/>
	<SubTexture name="BF idle dance0005" x="905" y="907" width="290" height="429" frameX="-3" frameY="-10" frameWidth="296" frameHeight="439"/>
	<SubTexture name="BF idle dance0006" x="1195" y="907" width="296" height="438" frameX="0" frameY="-1" frameWidth="296" frameHeight="439"/>
	<SubTexture name="BF idle dance0007" x="1195" y="907" width="296" height="438" frameX="0" frameY="-1" frameWidth="296" frameHeight="439"/>
	<SubTexture name="BF idle dance0008" x="1491" y="907" width="295" height="439" frameX="-1" frameY="0" frameWidth="296" frameHeight="439"/>
	<SubTexture name="BF idle dance0009" x="1491" y="907" width="295" height="439" frameX="-1" frameY="0" frameWidth="296" frameHeight="439"/>
	<SubTexture name="BF idle dance0010" x="1491" y="907" width="295" height="439" frameX="-1" frameY="0" frameWidth="296" frameHeight="439"/>
	<SubTexture name="BF idle dance0011" x="1491" y="907" width="295" height="439" frameX="-1" frameY="0" frameWidth="296" frameHeight="439"/>
	<SubTexture name="BF idle dance0012" x="1491" y="907" width="295" height="439" frameX="-1" frameY="0" frameWidth="296" frameHeight="439"/>
	<SubTexture name="BF idle dance0013" x="1491" y="907" width="295" height="439" frameX="-1" frameY="0" frameWidth="296" frameHeight="439"/>
</TextureAtlas>
