{
	"animations": [
		{
			"offsets": [
				10,
				-10
			],
			"loop": false,
			"fps": 24,
			"anim": "idle",
			"indices": [],
			"name": "i"
		},
		{
			"offsets": [
				128,
				7
			],
			"loop": false,
			"fps": 24,
			"anim": "singLEFT",
			"indices": [],
			"name": "l"
		},
		{
			"offsets": [
				122,
				-1
			],
			"loop": false,
			"fps": 24,
			"anim": "singDOWN",
			"indices": [],
			"name": "d"
		},
		{
			"offsets": [
				-38,
				156
			],
			"loop": false,
			"fps": 24,
			"anim": "singUP",
			"indices": [],
			"name": "u"
		},
		{
			"offsets": [
				-73,
				4
			],
			"loop": false,
			"fps": 24,
			"anim": "singRIGHT",
			"indices": [],
			"name": "r"
		}
	],
	"vocals_file": "",
	"no_antialiasing": false,
	"image": "characters/wega",
	"position": [
		-180,
		90
	],
	"healthicon": "weg",
	"flip_x": false,
	"healthbar_colors": [
		161,
		78,
		202
	],
	"camera_position": [
		50,
		100
	],
	"sing_duration": 6.1,
	"scale": 0.9,
	"_editor_isPlayer": false
}