{
	"animations": [
		{
			"offsets": [
				-4,
				30
			],
			"loop": false,
			"fps": 24,
			"anim": "idle",
			"indices": [],
			"name": "IDLE"
		},
		{
			"offsets": [
				4,
				31
			],
			"loop": false,
			"fps": 24,
			"anim": "singLEFT",
			"indices": [],
			"name": "LEFT"
		},
		{
			"offsets": [
				-28,
				90
			],
			"loop": false,
			"fps": 24,
			"anim": "singUP",
			"indices": [],
			"name": "UP"
		},
		{
			"offsets": [
				-46,
				31
			],
			"loop": false,
			"fps": 24,
			"anim": "singRIGHT",
			"indices": [],
			"name": "RIGHT"
		},
		{
			"loop": false,
			"offsets": [
				3,
				37
			],
			"anim": "singLEFTmiss",
			"fps": 24,
			"name": "MISSLEFT",
			"indices": []
		},
		{
			"loop": false,
			"offsets": [
				-29,
				40
			],
			"anim": "singDOWNmiss",
			"fps": 24,
			"name": "MISSDOWN",
			"indices": []
		},
		{
			"loop": false,
			"offsets": [
				-28,
				94
			],
			"anim": "singUPmiss",
			"fps": 24,
			"name": "MISSUP",
			"indices": []
		},
		{
			"loop": false,
			"offsets": [
				-45,
				59
			],
			"anim": "singRIGHTmiss",
			"fps": 24,
			"name": "MISSRIGHT",
			"indices": []
		},
		{
			"loop": false,
			"offsets": [
				47,
				34
			],
			"anim": "singLEFT-alt",
			"fps": 24,
			"name": "COOLLEFT",
			"indices": []
		},
		{
			"loop": false,
			"offsets": [
				-20,
				-32
			],
			"anim": "singDOWN-alt",
			"fps": 24,
			"name": "COOLDOWN",
			"indices": []
		},
		{
			"loop": false,
			"offsets": [
				-29,
				150
			],
			"anim": "singUP-alt",
			"fps": 24,
			"name": "COOLUP",
			"indices": []
		},
		{
			"loop": false,
			"offsets": [
				-21,
				-6
			],
			"anim": "singDOWN",
			"fps": 24,
			"name": "DOWN",
			"indices": []
		},
		{
			"loop": false,
			"offsets": [
				-10,
				20
			],
			"anim": "singRIGHT-alt",
			"fps": 24,
			"name": "COOLRIGHT",
			"indices": []
		},
		{
			"offsets": [
				12,
				78
			],
			"loop": false,
			"fps": 24,
			"anim": "dodge",
			"indices": [],
			"name": "DODGE"
		},
		{
			"offsets": [
				0,
				108
			],
			"loop": false,
			"fps": 24,
			"anim": "hurt",
			"indices": [],
			"name": "HIT"
		}
	],
	"no_antialiasing": false,
	"image": "characters/wegaBF",
	"position": [
		0,
		350
	],
	"healthicon": "wegbf",
	"flip_x": true,
	"healthbar_colors": [
		209,
		162,
		49
	],
	"camera_position": [
		0,
		0
	],
	"sing_duration": 4,
	"scale": 1
}