{
	"animations": [
		{
			"offsets": [
				42,
				6
			],
			"indices": [],
			"fps": 40,
			"anim": "idle",
			"loop": false,
			"name": "i"
		},
		{
			"offsets": [
				-143,
				-94
			],
			"indices": [],
			"fps": 40,
			"anim": "singDOWN",
			"loop": false,
			"name": "d"
		},
		{
			"offsets": [
				-20,
				8
			],
			"indices": [],
			"fps": 40,
			"anim": "singLEFT",
			"loop": false,
			"name": "l"
		},
		{
			"offsets": [
				-236,
				3
			],
			"indices": [],
			"fps": 40,
			"anim": "singRIGHT",
			"loop": false,
			"name": "r"
		},
		{
			"offsets": [
				-124,
				-31
			],
			"indices": [],
			"fps": 40,
			"anim": "singUP",
			"loop": false,
			"name": "u"
		}
	],
	"vocals_file": "",
	"no_antialiasing": false,
	"image": "characters/wega3d",
	"position": [
		100,
		260
	],
	"healthicon": "weg",
	"flip_x": false,
	"healthbar_colors": [
		161,
		78,
		202
	],
	"camera_position": [
		50,
		-150
	],
	"sing_duration": 6.1,
	"scale": 3,
	"_editor_isPlayer": false
}