{
	"animations": [
		{
			"offsets": [
				-5,
				0
			],
			"loop": false,
			"fps": 24,
			"anim": "idle",
			"indices": [],
			"name": "BF idle dance"
		},
		{
			"offsets": [
				-17,
				-69
			],
			"loop": false,
			"fps": 24,
			"anim": "singDOWN",
			"indices": [],
			"name": "BF NOTE DOWN0"
		},
		{
			"offsets": [
				103,
				18
			],
			"loop": false,
			"fps": 24,
			"anim": "singUP",
			"indices": [],
			"name": "BF NOTE UP0"
		},
		{
			"offsets": [
				-22,
				-11
			],
			"loop": false,
			"fps": 24,
			"anim": "singRIGHT",
			"indices": [],
			"name": "BF NOTE LEFT0"
		},
		{
			"offsets": [
				38,
				-1
			],
			"loop": false,
			"fps": 24,
			"anim": "singLEFT",
			"indices": [],
			"name": "BF NOTE RIGHT0"
		}
	],
	"no_antialiasing": false,
	"image": "characters/zavi",
	"position": [
		90,
		300
	],
	"healthicon": "zavi",
	"flip_x": true,
	"healthbar_colors": [
		100,
		245,
		136
	],
	"camera_position": [
		40,
		-40
	],
	"sing_duration": 4,
	"scale": 1
}