{
	"song": {
		"player1": "char-nerv",
		"player2": "zavi",
		"notes": [
			{
				"lengthInSteps": 16,
				"sectionNotes": [
					[
						0,
						2,
						275
					],
					[
						363.636363636364,
						1,
						91
					],
					[
						545.454545454545,
						0,
						91
					],
					[
						727.272727272727,
						2,
						273
					],
					[
						1090.90909090909,
						3,
						273
					]
				],
				"mustHitSection": false
			},
			{
				"lengthInSteps": 16,
				"sectionNotes": [
					[
						1454.54545454545,
						0,
						93
					],
					[
						1636.36363636364,
						1,
						0
					],
					[
						1727.27272727273,
						3,
						0
					],
					[
						1818.18181818182,
						2,
						91
					],
					[
						2181.81818181818,
						1,
						273
					],
					[
						2727.27272727273,
						3,
						0
					],
					[
						2545.45454545455,
						0,
						273
					],
					[
						2000,
						3,
						91
					]
				],
				"mustHitSection": false
			},
			{
				"lengthInSteps": 16,
				"sectionNotes": [
					[
						2909.09090909091,
						2,
						273
					],
					[
						3090.90909090909,
						1,
						0
					],
					[
						3272.72727272727,
						0,
						273
					],
					[
						3636.36363636364,
						1,
						274
					],
					[
						4000,
						3,
						273
					]
				],
				"mustHitSection": false
			},
			{
				"lengthInSteps": 16,
				"sectionNotes": [
					[
						4909.09090909091,
						0,
						91
					],
					[
						5454.54545454545,
						0,
						0
					],
					[
						5454.54545454545,
						1,
						0
					],
					[
						5454.54545454545,
						2,
						0
					],
					[
						5454.54545454545,
						3,
						0
					],
					[
						5636.36363636364,
						3,
						0
					],
					[
						5636.36363636364,
						2,
						0
					],
					[
						5636.36363636364,
						1,
						0
					],
					[
						5636.36363636364,
						0,
						0
					],
					[
						4363.63636363636,
						2,
						91
					],
					[
						4545.45454545455,
						3,
						91
					],
					[
						4727.27272727273,
						2,
						91
					],
					[
						5090.90909090909,
						1,
						182
					]
				],
				"gfSection": false,
				"mustHitSection": false
			},
			{
				"lengthInSteps": 16,
				"sectionNotes": [
					[
						5818.18181818182,
						4,
						1365
					],
					[
						5818.18181818182,
						5,
						1365
					],
					[
						5818.18181818182,
						6,
						1366
					],
					[
						5818.18181818182,
						7,
						1365
					],
					[
						5818.18181818182,
						2,
						275
					],
					[
						6181.81818181818,
						1,
						91
					],
					[
						6363.63636363636,
						0,
						91
					],
					[
						6545.45454545455,
						2,
						273
					],
					[
						6909.09090909091,
						3,
						273
					]
				],
				"mustHitSection": true
			},
			{
				"lengthInSteps": 16,
				"sectionNotes": [
					[
						7272.72727272727,
						0,
						93
					],
					[
						7454.54545454545,
						1,
						0
					],
					[
						7545.45454545455,
						3,
						0
					],
					[
						7636.36363636364,
						2,
						91
					],
					[
						7818.18181818182,
						3,
						91
					],
					[
						8000,
						0,
						273
					],
					[
						8363.63636363636,
						1,
						273
					],
					[
						8545.45454545454,
						3,
						91
					]
				],
				"mustHitSection": true
			},
			{
				"lengthInSteps": 16,
				"sectionNotes": [
					[
						8727.27272727273,
						2,
						273
					],
					[
						9090.90909090909,
						0,
						273
					],
					[
						9454.54545454545,
						3,
						273
					],
					[
						9818.18181818182,
						1,
						273
					]
				],
				"mustHitSection": true
			},
			{
				"lengthInSteps": 16,
				"sectionNotes": [
					[
						10181.8181818182,
						3,
						91
					],
					[
						10727.2727272727,
						0,
						91
					],
					[
						10363.6363636364,
						1,
						91
					],
					[
						10545.4545454545,
						2,
						0
					],
					[
						10909.0909090909,
						1,
						273
					],
					[
						11272.7272727273,
						2,
						273
					]
				],
				"mustHitSection": true
			},
			{
				"lengthInSteps": 16,
				"sectionNotes": [
					[
						11636.3636363636,
						7,
						637
					],
					[
						11636.3636363636,
						1,
						91
					],
					[
						11818.1818181818,
						0,
						91
					],
					[
						12000,
						2,
						91
					],
					[
						12181.8181818182,
						2,
						91
					],
					[
						12363.6363636364,
						3,
						273
					],
					[
						12545.4545454545,
						1,
						91
					],
					[
						12727.2727272727,
						0,
						273
					],
					[
						12727.2727272727,
						1,
						273
					],
					[
						12727.2727272727,
						2,
						273
					],
					[
						12727.2727272727,
						3,
						273
					]
				],
				"mustHitSection": false
			},
			{
				"lengthInSteps": 16,
				"sectionNotes": [
					[
						13090.9090909091,
						2,
						91
					],
					[
						13272.7272727273,
						0,
						91
					],
					[
						13636.3636363636,
						1,
						91
					],
					[
						13454.5454545455,
						3,
						91
					],
					[
						13818.1818181818,
						2,
						273
					],
					[
						14000,
						0,
						91
					],
					[
						14181.8181818182,
						0,
						273
					],
					[
						14181.8181818182,
						1,
						273
					],
					[
						14181.8181818182,
						2,
						273
					],
					[
						14181.8181818182,
						3,
						273
					]
				],
				"mustHitSection": false
			},
			{
				"lengthInSteps": 16,
				"sectionNotes": [
					[
						14545.4545454545,
						0,
						91
					],
					[
						14727.2727272727,
						0,
						91
					],
					[
						14909.0909090909,
						2,
						91
					],
					[
						15090.9090909091,
						1,
						91
					],
					[
						15272.7272727273,
						3,
						273
					],
					[
						15454.5454545455,
						1,
						92
					],
					[
						15636.3636363636,
						0,
						273
					],
					[
						15636.3636363636,
						1,
						273
					],
					[
						15636.3636363636,
						2,
						273
					],
					[
						15636.3636363636,
						3,
						273
					]
				],
				"mustHitSection": false
			},
			{
				"lengthInSteps": 16,
				"sectionNotes": [
					[
						16000,
						2,
						91
					],
					[
						16181.8181818182,
						0,
						91
					],
					[
						16363.6363636364,
						1,
						91
					],
					[
						16545.4545454545,
						3,
						91
					],
					[
						16727.2727272727,
						0,
						273
					],
					[
						16909.0909090909,
						1,
						92
					],
					[
						17090.9090909091,
						0,
						273
					],
					[
						17090.9090909091,
						1,
						273
					],
					[
						17090.9090909091,
						2,
						273
					],
					[
						17090.9090909091,
						3,
						273
					]
				],
				"mustHitSection": false
			},
			{
				"lengthInSteps": 16,
				"sectionNotes": [
					[
						17454.5454545455,
						1,
						91
					],
					[
						17636.3636363636,
						0,
						91
					],
					[
						18000,
						2,
						91
					],
					[
						18181.8181818182,
						3,
						273
					],
					[
						18363.6363636364,
						1,
						91
					],
					[
						18545.4545454545,
						0,
						273
					],
					[
						17818.1818181818,
						2,
						0
					]
				],
				"mustHitSection": true
			},
			{
				"lengthInSteps": 16,
				"sectionNotes": [
					[
						18909.0909090909,
						2,
						91
					],
					[
						19090.9090909091,
						0,
						91
					],
					[
						19454.5454545455,
						1,
						91
					],
					[
						19272.7272727273,
						3,
						91
					],
					[
						19636.3636363636,
						2,
						273
					],
					[
						19818.1818181818,
						0,
						91
					],
					[
						20000,
						1,
						273
					]
				],
				"mustHitSection": true
			},
			{
				"lengthInSteps": 16,
				"sectionNotes": [
					[
						20545.4545454545,
						0,
						91
					],
					[
						20727.2727272727,
						2,
						91
					],
					[
						20909.0909090909,
						1,
						91
					],
					[
						21090.9090909091,
						3,
						273
					],
					[
						21272.7272727273,
						1,
						92
					],
					[
						20363.6363636364,
						3,
						91
					],
					[
						21454.5454545455,
						0,
						273
					]
				],
				"mustHitSection": true
			},
			{
				"lengthInSteps": 16,
				"sectionNotes": [
					[
						21818.1818181818,
						2,
						91
					],
					[
						22000,
						0,
						91
					],
					[
						22181.8181818182,
						1,
						91
					],
					[
						22363.6363636364,
						3,
						91
					],
					[
						22545.4545454545,
						0,
						273
					],
					[
						22727.2727272727,
						1,
						92
					],
					[
						22909.0909090909,
						3,
						273
					]
				],
				"mustHitSection": true
			},
			{
				"lengthInSteps": 16,
				"sectionNotes": [
					[
						23272.7272727273,
						3,
						0
					],
					[
						23363.6363636364,
						0,
						0
					],
					[
						23454.5454545455,
						1,
						0
					],
					[
						23636.3636363636,
						2,
						91
					],
					[
						23818.1818181818,
						1,
						91
					],
					[
						24000,
						3,
						91
					],
					[
						24181.8181818182,
						0,
						0
					],
					[
						24363.6363636364,
						1,
						91
					],
					[
						24545.4545454545,
						2,
						91
					]
				],
				"mustHitSection": false
			},
			{
				"lengthInSteps": 16,
				"sectionNotes": [
					[
						24727.2727272727,
						3,
						273
					],
					[
						25090.9090909091,
						1,
						91
					],
					[
						25272.7272727273,
						2,
						0
					],
					[
						25363.6363636364,
						1,
						91
					],
					[
						25545.4545454546,
						0,
						0
					],
					[
						25636.3636363636,
						3,
						91
					],
					[
						25818.1818181818,
						2,
						0
					],
					[
						25909.0909090909,
						0,
						0
					],
					[
						26000,
						3,
						0
					],
					[
						26090.9090909091,
						1,
						0
					]
				],
				"mustHitSection": false
			},
			{
				"lengthInSteps": 16,
				"sectionNotes": [
					[
						26181.8181818182,
						6,
						637
					],
					[
						26909.0909090909,
						5,
						637
					],
					[
						26181.8181818182,
						2,
						91
					],
					[
						26363.6363636364,
						3,
						91
					],
					[
						26545.4545454546,
						1,
						91
					],
					[
						26727.2727272727,
						0,
						91
					],
					[
						26909.0909090909,
						1,
						91
					],
					[
						27090.9090909091,
						2,
						0
					],
					[
						27181.8181818182,
						3,
						0
					],
					[
						27272.7272727273,
						1,
						0
					],
					[
						27363.6363636364,
						0,
						0
					],
					[
						27454.5454545455,
						2,
						0
					],
					[
						27545.4545454546,
						3,
						0
					]
				],
				"mustHitSection": true
			},
			{
				"lengthInSteps": 16,
				"sectionNotes": [
					[
						27636.3636363636,
						3,
						637
					],
					[
						28363.6363636364,
						0,
						637
					],
					[
						27636.3636363636,
						5,
						637
					],
					[
						28363.6363636364,
						7,
						637
					]
				],
				"mustHitSection": false
			},
			{
				"lengthInSteps": 16,
				"sectionNotes": [
					[
						29090.9090909091,
						1,
						458
					],
					[
						29636.3636363636,
						0,
						91
					],
					[
						29818.1818181818,
						1,
						91
					],
					[
						30000,
						2,
						0
					],
					[
						30181.8181818182,
						3,
						91
					],
					[
						30363.6363636364,
						1,
						91
					],
					[
						29090.9090909091,
						4,
						1365
					],
					[
						29090.9090909091,
						5,
						1365
					],
					[
						29090.9090909091,
						6,
						1365
					],
					[
						29090.9090909091,
						7,
						1365
					]
				],
				"mustHitSection": true
			},
			{
				"lengthInSteps": 16,
				"sectionNotes": [
					[
						30545.4545454546,
						0,
						273
					],
					[
						30909.0909090909,
						1,
						91
					],
					[
						31090.9090909091,
						2,
						0
					],
					[
						31181.8181818182,
						1,
						92
					],
					[
						31363.6363636364,
						2,
						0
					],
					[
						31454.5454545455,
						3,
						91
					],
					[
						31636.3636363636,
						1,
						0
					],
					[
						31727.2727272727,
						0,
						0
					],
					[
						31818.1818181818,
						2,
						0
					],
					[
						31909.0909090909,
						3,
						0
					]
				],
				"mustHitSection": true
			},
			{
				"lengthInSteps": 16,
				"sectionNotes": [
					[
						32000,
						6,
						637
					],
					[
						32727.2727272727,
						5,
						637
					],
					[
						32000,
						2,
						91
					],
					[
						32181.8181818182,
						3,
						91
					],
					[
						32363.6363636364,
						1,
						91
					],
					[
						32545.4545454546,
						0,
						91
					],
					[
						32727.2727272727,
						1,
						91
					],
					[
						32909.0909090909,
						2,
						0
					],
					[
						33000,
						3,
						0
					],
					[
						33090.9090909091,
						1,
						0
					],
					[
						33181.8181818182,
						0,
						0
					],
					[
						33272.7272727273,
						2,
						0
					],
					[
						33363.6363636364,
						3,
						0
					]
				],
				"mustHitSection": false
			},
			{
				"lengthInSteps": 16,
				"sectionNotes": [
					[
						33454.5454545455,
						3,
						637
					],
					[
						34181.8181818182,
						0,
						637
					],
					[
						33454.5454545455,
						5,
						637
					],
					[
						34181.8181818182,
						7,
						637
					],
					[
						34181.8181818182,
						6,
						637
					],
					[
						34181.8181818182,
						5,
						637
					],
					[
						34181.8181818182,
						4,
						637
					]
				],
				"mustHitSection": true
			},
			{
				"lengthInSteps": 16,
				"sectionNotes": [
					[
						34909.0909090909,
						0,
						91
					],
					[
						35090.9090909091,
						2,
						0
					],
					[
						35272.7272727273,
						3,
						92
					],
					[
						35454.5454545455,
						0,
						91
					],
					[
						35636.3636363636,
						1,
						91
					],
					[
						35818.1818181818,
						2,
						0
					],
					[
						36000,
						3,
						91
					],
					[
						36181.8181818182,
						0,
						91
					]
				],
				"mustHitSection": false
			},
			{
				"lengthInSteps": 16,
				"sectionNotes": [
					[
						36363.6363636364,
						1,
						0
					],
					[
						36454.5454545455,
						0,
						0
					],
					[
						36545.4545454546,
						2,
						0
					],
					[
						36636.3636363636,
						0,
						0
					],
					[
						36727.2727272727,
						1,
						0
					],
					[
						36818.1818181818,
						3,
						0
					],
					[
						36909.0909090909,
						2,
						91
					],
					[
						37090.9090909091,
						0,
						91
					],
					[
						37272.7272727273,
						1,
						0
					],
					[
						37363.6363636364,
						2,
						0
					],
					[
						37454.5454545455,
						3,
						91
					],
					[
						37636.3636363636,
						1,
						91
					]
				],
				"mustHitSection": false
			},
			{
				"lengthInSteps": 16,
				"sectionNotes": [
					[
						37818.1818181818,
						6,
						276
					],
					[
						38181.8181818182,
						5,
						273
					],
					[
						38545.4545454546,
						6,
						273
					],
					[
						38909.0909090909,
						5,
						273
					],
					[
						38181.8181818182,
						2,
						0
					],
					[
						38363.6363636364,
						2,
						0
					],
					[
						38545.4545454546,
						0,
						273
					],
					[
						38909.0909090909,
						1,
						637
					]
				],
				"mustHitSection": true
			},
			{
				"lengthInSteps": 16,
				"sectionNotes": [
					[
						39272.7272727273,
						3,
						91
					],
					[
						39454.5454545455,
						1,
						91
					],
					[
						39636.3636363636,
						3,
						91
					],
					[
						39818.1818181818,
						2,
						91
					],
					[
						40000,
						0,
						273
					],
					[
						40363.6363636364,
						3,
						273
					],
					[
						39636.3636363636,
						6,
						0
					],
					[
						39818.1818181818,
						6,
						0
					],
					[
						40363.6363636364,
						5,
						273
					],
					[
						40000,
						4,
						273
					]
				],
				"mustHitSection": false
			},
			{
				"lengthInSteps": 16,
				"sectionNotes": [
					[
						40727.2727272727,
						6,
						637
					],
					[
						40727.2727272727,
						0,
						91
					],
					[
						40909.0909090909,
						2,
						0
					],
					[
						41090.9090909091,
						3,
						92
					],
					[
						41272.7272727273,
						0,
						91
					],
					[
						41454.5454545455,
						1,
						91
					],
					[
						41636.3636363636,
						2,
						0
					],
					[
						41818.1818181818,
						3,
						91
					],
					[
						42000,
						0,
						91
					]
				],
				"mustHitSection": true
			},
			{
				"lengthInSteps": 16,
				"sectionNotes": [
					[
						42181.8181818182,
						1,
						0
					],
					[
						42272.7272727273,
						0,
						0
					],
					[
						42363.6363636364,
						2,
						0
					],
					[
						42454.5454545455,
						0,
						0
					],
					[
						42545.4545454546,
						1,
						0
					],
					[
						42636.3636363636,
						3,
						0
					],
					[
						42727.2727272727,
						2,
						91
					],
					[
						42909.0909090909,
						0,
						91
					],
					[
						43090.9090909091,
						1,
						0
					],
					[
						43181.8181818182,
						2,
						0
					],
					[
						43272.7272727273,
						3,
						91
					],
					[
						43454.5454545455,
						1,
						91
					]
				],
				"mustHitSection": true
			},
			{
				"lengthInSteps": 16,
				"sectionNotes": [
					[
						43636.3636363636,
						2,
						276
					],
					[
						44000,
						1,
						273
					],
					[
						44363.6363636364,
						2,
						273
					],
					[
						44727.2727272727,
						1,
						273
					],
					[
						44000,
						6,
						0
					],
					[
						44181.8181818182,
						6,
						0
					],
					[
						44363.6363636364,
						4,
						273
					],
					[
						44727.2727272727,
						5,
						637
					]
				],
				"mustHitSection": true
			},
			{
				"lengthInSteps": 16,
				"sectionNotes": [
					[
						45090.9090909091,
						3,
						91
					],
					[
						45272.7272727273,
						1,
						91
					],
					[
						45454.5454545455,
						3,
						91
					],
					[
						45636.3636363636,
						2,
						91
					],
					[
						45818.1818181818,
						0,
						273
					],
					[
						46181.8181818182,
						3,
						273
					],
					[
						45454.5454545455,
						6,
						0
					],
					[
						45636.3636363636,
						6,
						0
					],
					[
						46181.8181818182,
						5,
						273
					],
					[
						45818.1818181818,
						4,
						273
					],
					[
						45818.1818181818,
						5,
						273
					],
					[
						45818.1818181818,
						6,
						273
					],
					[
						45818.1818181818,
						7,
						273
					],
					[
						46181.8181818182,
						7,
						273
					],
					[
						46181.8181818182,
						6,
						273
					],
					[
						46181.8181818182,
						4,
						273
					]
				],
				"mustHitSection": true
			},
			{
				"lengthInSteps": 16,
				"sectionNotes": [
					[
						46545.4545454546,
						1,
						0
					],
					[
						46727.2727272727,
						2,
						0
					],
					[
						46909.0909090909,
						0,
						0
					],
					[
						47000,
						1,
						0
					],
					[
						47090.9090909091,
						3,
						0
					],
					[
						47272.7272727273,
						2,
						0
					],
					[
						47545.4545454546,
						1,
						0
					],
					[
						47636.3636363637,
						2,
						0
					],
					[
						47727.2727272727,
						0,
						0
					],
					[
						47818.1818181818,
						3,
						0
					],
					[
						46545.4545454546,
						6,
						728
					]
				],
				"mustHitSection": false
			},
			{
				"lengthInSteps": 16,
				"sectionNotes": [
					[
						48000,
						1,
						0
					],
					[
						48181.8181818182,
						2,
						0
					],
					[
						48363.6363636364,
						0,
						183
					],
					[
						48727.2727272727,
						1,
						273
					]
				],
				"mustHitSection": false
			},
			{
				"lengthInSteps": 16,
				"sectionNotes": [
					[
						49454.5454545455,
						2,
						0
					],
					[
						49636.3636363637,
						0,
						0
					],
					[
						49727.2727272727,
						3,
						0
					],
					[
						49818.1818181818,
						1,
						0
					],
					[
						50000,
						2,
						0
					],
					[
						50181.8181818182,
						0,
						0
					],
					[
						50363.6363636364,
						1,
						0
					],
					[
						50545.4545454546,
						3,
						0
					],
					[
						50727.2727272727,
						2,
						0
					]
				],
				"mustHitSection": false,
				"changeBPM": false,
				"bpm": 160
			},
			{
				"lengthInSteps": 16,
				"sectionNotes": [
					[
						50909.0909090909,
						0,
						0
					],
					[
						51090.9090909091,
						1,
						0
					],
					[
						51454.5454545455,
						2,
						0
					],
					[
						51272.7272727273,
						3,
						0
					],
					[
						51636.3636363637,
						1,
						0
					],
					[
						51818.1818181818,
						0,
						0
					],
					[
						52000,
						3,
						0
					],
					[
						52181.8181818182,
						1,
						0
					]
				],
				"mustHitSection": false
			},
			{
				"lengthInSteps": 16,
				"sectionNotes": [
					[
						52363.6363636364,
						6,
						0
					],
					[
						52363.6363636364,
						0,
						0
					],
					[
						52454.5454545455,
						3,
						0
					],
					[
						52545.4545454546,
						2,
						91
					],
					[
						52727.2727272727,
						0,
						91
					],
					[
						52909.0909090909,
						1,
						91
					],
					[
						53090.9090909091,
						2,
						0
					],
					[
						53181.8181818182,
						3,
						0
					],
					[
						53272.7272727273,
						1,
						91
					],
					[
						53454.5454545455,
						0,
						91
					],
					[
						53636.3636363637,
						3,
						91
					]
				],
				"gfSection": true,
				"mustHitSection": true
			},
			{
				"lengthInSteps": 16,
				"sectionNotes": [
					[
						53818.1818181818,
						1,
						0
					],
					[
						53909.0909090909,
						3,
						0
					],
					[
						54000,
						2,
						0
					],
					[
						54090.9090909091,
						3,
						0
					],
					[
						54181.8181818182,
						0,
						0
					],
					[
						54272.7272727273,
						1,
						0
					],
					[
						54363.6363636364,
						3,
						0
					],
					[
						54454.5454545455,
						0,
						0
					],
					[
						54545.4545454546,
						2,
						91
					],
					[
						54818.1818181818,
						1,
						91
					],
					[
						55090.9090909091,
						0,
						91
					]
				],
				"gfSection": true,
				"mustHitSection": true
			},
			{
				"lengthInSteps": 16,
				"sectionNotes": [
					[
						55272.7272727273,
						2,
						91
					],
					[
						55454.5454545455,
						0,
						0
					],
					[
						55545.4545454546,
						2,
						0
					],
					[
						55636.3636363637,
						0,
						91
					],
					[
						55818.1818181818,
						2,
						91
					],
					[
						56000,
						0,
						91
					],
					[
						56181.8181818182,
						2,
						91
					],
					[
						56363.6363636364,
						1,
						273
					],
					[
						56545.4545454546,
						3,
						91
					]
				],
				"gfSection": true,
				"mustHitSection": true
			},
			{
				"lengthInSteps": 16,
				"sectionNotes": [
					[
						56727.2727272728,
						2,
						0
					],
					[
						56909.0909090909,
						0,
						0
					],
					[
						57000,
						2,
						0
					],
					[
						57090.9090909091,
						0,
						91
					],
					[
						57272.7272727273,
						2,
						91
					],
					[
						57454.5454545455,
						0,
						91
					],
					[
						57636.3636363637,
						2,
						91
					],
					[
						57818.1818181818,
						3,
						273
					],
					[
						58000,
						1,
						92
					]
				],
				"gfSection": true,
				"mustHitSection": true
			},
			{
				"lengthInSteps": 16,
				"sectionNotes": [
					[
						58181.8181818182,
						0,
						0
					],
					[
						58272.7272727273,
						3,
						0
					],
					[
						58363.6363636364,
						2,
						91
					],
					[
						58545.4545454546,
						0,
						91
					],
					[
						58727.2727272727,
						1,
						91
					],
					[
						58909.0909090909,
						2,
						0
					],
					[
						59454.5454545455,
						3,
						91
					],
					[
						59181.8181818182,
						0,
						0
					],
					[
						59090.9090909091,
						1,
						0
					],
					[
						59363.6363636364,
						1,
						0
					]
				],
				"gfSection": false,
				"mustHitSection": false
			},
			{
				"lengthInSteps": 16,
				"sectionNotes": [
					[
						59636.3636363637,
						0,
						91
					],
					[
						59818.1818181819,
						3,
						91
					],
					[
						60000,
						0,
						0
					],
					[
						60000,
						2,
						0
					],
					[
						60000,
						1,
						0
					],
					[
						60000,
						3,
						0
					],
					[
						60181.8181818182,
						0,
						91
					],
					[
						60363.6363636364,
						3,
						0
					],
					[
						60454.5454545455,
						2,
						0
					],
					[
						60545.4545454546,
						3,
						0
					],
					[
						60636.3636363637,
						2,
						0
					],
					[
						60727.2727272728,
						0,
						273
					],
					[
						60727.2727272728,
						1,
						273
					],
					[
						60727.2727272728,
						2,
						273
					],
					[
						60727.2727272728,
						3,
						273
					]
				],
				"mustHitSection": false
			},
			{
				"sectionBeats": 4,
				"altAnim": false,
				"mustHitSection": true,
				"lengthInSteps": 16,
				"sectionNotes": [
					[
						61090.9090909091,
						3,
						91
					],
					[
						61272.7272727273,
						2,
						0
					],
					[
						61363.6363636364,
						3,
						91
					],
					[
						61545.4545454546,
						2,
						0
					],
					[
						61636.3636363637,
						3,
						91
					],
					[
						61818.1818181819,
						1,
						0
					],
					[
						61909.0909090909,
						0,
						0
					],
					[
						62000,
						2,
						91
					],
					[
						62181.8181818182,
						3,
						91
					],
					[
						62363.6363636364,
						1,
						91
					]
				],
				"typeOfSection": 0,
				"gfSection": true,
				"bpm": 120,
				"changeBPM": false
			},
			{
				"sectionBeats": 4,
				"altAnim": false,
				"mustHitSection": true,
				"lengthInSteps": 16,
				"sectionNotes": [
					[
						62545.4545454546,
						2,
						637
					],
					[
						63272.7272727273,
						0,
						273
					],
					[
						63636.3636363637,
						3,
						273
					]
				],
				"typeOfSection": 0,
				"gfSection": true,
				"bpm": 173,
				"changeBPM": false
			},
			{
				"sectionBeats": 4,
				"altAnim": false,
				"mustHitSection": false,
				"lengthInSteps": 16,
				"sectionNotes": [
					[
						64000,
						0,
						0
					],
					[
						64000,
						1,
						0
					],
					[
						64000,
						2,
						0
					],
					[
						64000,
						3,
						0
					],
					[
						64090.9090909091,
						3,
						0
					],
					[
						64090.9090909091,
						2,
						0
					],
					[
						64090.9090909091,
						1,
						0
					],
					[
						64090.9090909091,
						0,
						0
					],
					[
						64272.7272727273,
						3,
						91
					],
					[
						64272.7272727273,
						2,
						91
					],
					[
						64272.7272727273,
						1,
						91
					],
					[
						64272.7272727273,
						0,
						91
					],
					[
						64545.4545454546,
						0,
						91
					],
					[
						64545.4545454546,
						1,
						91
					],
					[
						64545.4545454546,
						2,
						91
					],
					[
						64545.4545454546,
						3,
						91
					],
					[
						64909.0909090909,
						2,
						0
					],
					[
						64909.0909090909,
						0,
						0
					],
					[
						64909.0909090909,
						1,
						0
					],
					[
						64909.0909090909,
						3,
						0
					],
					[
						65090.9090909091,
						0,
						274
					],
					[
						65090.9090909091,
						1,
						273
					],
					[
						65090.9090909091,
						2,
						273
					],
					[
						65090.9090909091,
						3,
						273
					],
					[
						64000,
						5,
						637,
						"GF Sing"
					]
				],
				"typeOfSection": 0,
				"gfSection": false,
				"bpm": 173,
				"changeBPM": false
			},
			{
				"sectionBeats": 4,
				"altAnim": false,
				"mustHitSection": true,
				"lengthInSteps": 16,
				"sectionNotes": [
					[
						65454.5454545455,
						3,
						0
					],
					[
						65545.4545454546,
						2,
						0
					],
					[
						65636.3636363637,
						1,
						0
					],
					[
						65727.2727272728,
						0,
						0
					],
					[
						65818.1818181819,
						2,
						0
					],
					[
						65909.0909090909,
						3,
						0
					],
					[
						66000,
						1,
						0
					],
					[
						66090.9090909091,
						0,
						0
					],
					[
						66181.8181818182,
						2,
						0
					],
					[
						66272.7272727273,
						3,
						0
					],
					[
						66363.6363636364,
						1,
						91
					],
					[
						66545.4545454546,
						0,
						273
					]
				],
				"typeOfSection": 0,
				"gfSection": true,
				"bpm": 173,
				"changeBPM": false
			},
			{
				"sectionBeats": 4,
				"altAnim": false,
				"mustHitSection": true,
				"lengthInSteps": 16,
				"sectionNotes": [
					[
						66909.0909090909,
						2,
						273
					],
					[
						67272.7272727273,
						3,
						273
					],
					[
						67454.5454545455,
						1,
						91
					],
					[
						67636.3636363637,
						2,
						273
					],
					[
						68000,
						3,
						273
					],
					[
						68181.8181818182,
						1,
						91
					]
				],
				"typeOfSection": 0,
				"gfSection": true,
				"bpm": 173,
				"changeBPM": false
			},
			{
				"sectionBeats": 4,
				"altAnim": false,
				"mustHitSection": true,
				"lengthInSteps": 16,
				"sectionNotes": [
					[
						68363.6363636364,
						0,
						0
					],
					[
						68454.5454545455,
						3,
						0
					],
					[
						68545.4545454546,
						2,
						0
					],
					[
						68727.2727272728,
						0,
						0
					],
					[
						69000,
						1,
						0
					],
					[
						69181.8181818182,
						2,
						0
					],
					[
						69363.6363636364,
						3,
						0
					],
					[
						69545.4545454546,
						1,
						0
					],
					[
						69636.3636363637,
						0,
						0
					],
					[
						69727.2727272728,
						2,
						0
					],
					[
						69454.5454545455,
						4,
						273
					],
					[
						69454.5454545455,
						5,
						273
					],
					[
						69454.5454545455,
						6,
						273
					],
					[
						69454.5454545455,
						7,
						273
					]
				],
				"typeOfSection": 0,
				"gfSection": true,
				"bpm": 173,
				"changeBPM": false
			},
			{
				"sectionBeats": 2,
				"altAnim": false,
				"mustHitSection": false,
				"lengthInSteps": 16,
				"sectionNotes": [],
				"typeOfSection": 0,
				"gfSection": false,
				"bpm": 173,
				"changeBPM": false
			},
			{
				"sectionBeats": 4,
				"altAnim": false,
				"mustHitSection": false,
				"lengthInSteps": 16,
				"sectionNotes": [
					[
						70545.4545454546,
						0,
						0
					],
					[
						70545.4545454546,
						1,
						0
					],
					[
						70545.4545454546,
						2,
						0
					],
					[
						70545.4545454546,
						3,
						0
					],
					[
						70636.3636363637,
						3,
						0
					],
					[
						70636.3636363637,
						2,
						0
					],
					[
						70636.3636363637,
						1,
						0
					],
					[
						70636.3636363637,
						0,
						0
					],
					[
						70727.2727272727,
						0,
						0
					],
					[
						70727.2727272727,
						1,
						0
					],
					[
						70727.2727272727,
						2,
						0
					],
					[
						70727.2727272727,
						3,
						0
					],
					[
						70818.1818181819,
						3,
						0
					],
					[
						70818.1818181819,
						2,
						0
					],
					[
						70818.1818181819,
						1,
						0
					],
					[
						70818.1818181819,
						0,
						0
					],
					[
						70909.0909090909,
						3,
						91
					],
					[
						70909.0909090909,
						2,
						91
					],
					[
						70909.0909090909,
						1,
						91
					],
					[
						70909.0909090909,
						0,
						91
					],
					[
						71090.9090909091,
						0,
						0
					],
					[
						71090.9090909091,
						1,
						0
					],
					[
						71090.9090909091,
						2,
						0
					],
					[
						71090.9090909091,
						3,
						0
					],
					[
						71181.8181818182,
						3,
						91
					],
					[
						71181.8181818182,
						2,
						91
					],
					[
						71181.8181818182,
						1,
						91
					],
					[
						71181.8181818182,
						0,
						91
					],
					[
						71363.6363636364,
						0,
						0
					],
					[
						71363.6363636364,
						2,
						0
					],
					[
						71363.6363636364,
						1,
						0
					],
					[
						71363.6363636364,
						3,
						0
					],
					[
						71454.5454545455,
						3,
						91
					],
					[
						71454.5454545455,
						2,
						91
					],
					[
						71454.5454545455,
						1,
						91
					],
					[
						71454.5454545455,
						0,
						91
					],
					[
						71636.3636363637,
						0,
						0
					],
					[
						71636.3636363637,
						1,
						0
					],
					[
						71636.3636363637,
						2,
						0
					],
					[
						71636.3636363637,
						3,
						0
					],
					[
						71727.2727272727,
						3,
						0
					],
					[
						71727.2727272727,
						2,
						0
					],
					[
						71727.2727272727,
						1,
						0
					],
					[
						71727.2727272727,
						0,
						0
					],
					[
						71818.1818181819,
						0,
						91
					],
					[
						71818.1818181819,
						1,
						91
					],
					[
						71818.1818181819,
						2,
						91
					],
					[
						71818.1818181819,
						3,
						91
					]
				],
				"typeOfSection": 0,
				"gfSection": false,
				"bpm": 173,
				"changeBPM": false
			},
			{
				"sectionBeats": 4,
				"altAnim": false,
				"mustHitSection": false,
				"lengthInSteps": 16,
				"sectionNotes": [
					[
						72000,
						0,
						91
					],
					[
						72000,
						1,
						91
					],
					[
						72000,
						2,
						91
					],
					[
						72000,
						3,
						91
					],
					[
						72181.8181818182,
						3,
						91
					],
					[
						72181.8181818182,
						2,
						91
					],
					[
						72181.8181818182,
						1,
						91
					],
					[
						72181.8181818182,
						0,
						91
					],
					[
						72363.6363636364,
						0,
						0
					],
					[
						72363.6363636364,
						1,
						0
					],
					[
						72363.6363636364,
						2,
						0
					],
					[
						72363.6363636364,
						3,
						0
					],
					[
						72454.5454545455,
						3,
						0
					],
					[
						72454.5454545455,
						2,
						0
					],
					[
						72454.5454545455,
						1,
						0
					],
					[
						72454.5454545455,
						0,
						0
					],
					[
						72545.4545454546,
						0,
						91
					],
					[
						72545.4545454546,
						1,
						91
					],
					[
						72545.4545454546,
						2,
						91
					],
					[
						72545.4545454546,
						3,
						91
					],
					[
						72727.2727272727,
						3,
						91
					],
					[
						72727.2727272727,
						2,
						91
					],
					[
						72727.2727272727,
						1,
						91
					],
					[
						72727.2727272727,
						0,
						91
					],
					[
						72909.0909090909,
						0,
						0
					],
					[
						72909.0909090909,
						1,
						0
					],
					[
						72909.0909090909,
						2,
						0
					],
					[
						72909.0909090909,
						3,
						0
					],
					[
						73000,
						3,
						0
					],
					[
						73000,
						2,
						0
					],
					[
						73000,
						1,
						0
					],
					[
						73000,
						0,
						0
					],
					[
						73090.9090909091,
						0,
						273
					],
					[
						73090.9090909091,
						1,
						273
					],
					[
						73090.9090909091,
						2,
						274
					],
					[
						73090.9090909091,
						3,
						273
					]
				],
				"typeOfSection": 0,
				"gfSection": false,
				"bpm": 173,
				"changeBPM": false
			},
			{
				"sectionBeats": 4,
				"altAnim": false,
				"mustHitSection": true,
				"lengthInSteps": 16,
				"sectionNotes": [
					[
						73454.5454545455,
						2,
						0
					],
					[
						73545.4545454546,
						0,
						0
					],
					[
						73636.3636363637,
						1,
						0
					],
					[
						73727.2727272728,
						3,
						0
					],
					[
						73818.1818181819,
						2,
						91
					],
					[
						74000,
						1,
						0
					],
					[
						74090.9090909091,
						0,
						91
					],
					[
						74272.7272727273,
						1,
						0
					],
					[
						74363.6363636364,
						3,
						91
					],
					[
						74545.4545454546,
						2,
						0
					],
					[
						74636.3636363637,
						0,
						0
					],
					[
						74727.2727272728,
						1,
						91
					]
				],
				"typeOfSection": 0,
				"gfSection": true,
				"bpm": 173,
				"changeBPM": false
			},
			{
				"sectionBeats": 4,
				"altAnim": false,
				"mustHitSection": true,
				"lengthInSteps": 16,
				"sectionNotes": [
					[
						74909.0909090909,
						2,
						91
					],
					[
						75090.9090909091,
						3,
						91
					],
					[
						75272.7272727273,
						0,
						0
					],
					[
						75363.6363636364,
						1,
						0
					],
					[
						75454.5454545455,
						2,
						91
					],
					[
						75636.3636363637,
						3,
						91
					],
					[
						75818.1818181819,
						1,
						0
					],
					[
						75909.0909090909,
						0,
						0
					],
					[
						76000,
						2,
						273
					]
				],
				"typeOfSection": 0,
				"gfSection": true,
				"bpm": 173,
				"changeBPM": false
			},
			{
				"sectionBeats": 4,
				"altAnim": false,
				"mustHitSection": false,
				"lengthInSteps": 16,
				"sectionNotes": [
					[
						76363.6363636364,
						0,
						0
					],
					[
						76363.6363636364,
						1,
						0
					],
					[
						76363.6363636364,
						2,
						0
					],
					[
						76363.6363636364,
						3,
						0
					],
					[
						76454.5454545455,
						3,
						0
					],
					[
						76454.5454545455,
						2,
						0
					],
					[
						76454.5454545455,
						1,
						0
					],
					[
						76454.5454545455,
						0,
						0
					],
					[
						76545.4545454546,
						0,
						0
					],
					[
						76545.4545454546,
						1,
						0
					],
					[
						76545.4545454546,
						2,
						0
					],
					[
						76545.4545454546,
						3,
						0
					],
					[
						76636.3636363637,
						0,
						0
					],
					[
						76636.3636363637,
						1,
						0
					],
					[
						76636.3636363637,
						2,
						0
					],
					[
						76636.3636363637,
						3,
						0
					],
					[
						76727.2727272728,
						0,
						0
					],
					[
						76727.2727272728,
						1,
						0
					],
					[
						76727.2727272728,
						2,
						0
					],
					[
						76727.2727272728,
						3,
						0
					],
					[
						76818.1818181819,
						3,
						0
					],
					[
						76818.1818181819,
						2,
						0
					],
					[
						76818.1818181819,
						1,
						0
					],
					[
						76818.1818181819,
						0,
						0
					],
					[
						76909.0909090909,
						0,
						0
					],
					[
						76909.0909090909,
						1,
						0
					],
					[
						76909.0909090909,
						2,
						0
					],
					[
						76909.0909090909,
						3,
						0
					],
					[
						77000,
						3,
						0
					],
					[
						77000,
						2,
						0
					],
					[
						77000,
						1,
						0
					],
					[
						77000,
						0,
						0
					],
					[
						77090.9090909091,
						0,
						0
					],
					[
						77090.9090909091,
						1,
						0
					],
					[
						77090.9090909091,
						2,
						0
					],
					[
						77090.9090909091,
						3,
						0
					],
					[
						77181.8181818182,
						3,
						0
					],
					[
						77181.8181818182,
						2,
						0
					],
					[
						77181.8181818182,
						1,
						0
					],
					[
						77181.8181818182,
						0,
						0
					],
					[
						77272.7272727273,
						0,
						0
					],
					[
						77272.7272727273,
						1,
						0
					],
					[
						77272.7272727273,
						2,
						0
					],
					[
						77272.7272727273,
						3,
						0
					],
					[
						77363.6363636364,
						0,
						0
					],
					[
						77363.6363636364,
						1,
						0
					],
					[
						77363.6363636364,
						2,
						0
					],
					[
						77363.6363636364,
						3,
						0
					],
					[
						77454.5454545455,
						3,
						0
					],
					[
						77454.5454545455,
						2,
						0
					],
					[
						77454.5454545455,
						1,
						0
					],
					[
						77454.5454545455,
						0,
						0
					],
					[
						77545.4545454546,
						0,
						0
					],
					[
						77545.4545454546,
						1,
						0
					],
					[
						77545.4545454546,
						2,
						0
					],
					[
						77545.4545454546,
						3,
						0
					],
					[
						77636.3636363637,
						3,
						0
					],
					[
						77636.3636363637,
						2,
						0
					],
					[
						77636.3636363637,
						1,
						0
					],
					[
						77636.3636363637,
						0,
						0
					],
					[
						77727.2727272728,
						0,
						0
					],
					[
						77727.2727272728,
						1,
						0
					],
					[
						77727.2727272728,
						2,
						0
					],
					[
						77727.2727272728,
						3,
						0
					]
				],
				"typeOfSection": 0,
				"gfSection": false,
				"bpm": 173,
				"changeBPM": false
			},
			{
				"sectionBeats": 4,
				"altAnim": false,
				"mustHitSection": false,
				"lengthInSteps": 16,
				"sectionNotes": [
					[
						77818.1818181819,
						0,
						0
					],
					[
						77818.1818181819,
						1,
						0
					],
					[
						77818.1818181819,
						2,
						0
					],
					[
						77818.1818181819,
						3,
						0
					],
					[
						77909.090909091,
						3,
						0
					],
					[
						77909.090909091,
						2,
						0
					],
					[
						77909.090909091,
						1,
						0
					],
					[
						77909.090909091,
						0,
						0
					],
					[
						78000.0000000001,
						0,
						0
					],
					[
						78000.0000000001,
						1,
						0
					],
					[
						78000.0000000001,
						2,
						0
					],
					[
						78000.0000000001,
						3,
						0
					],
					[
						78090.9090909092,
						0,
						0
					],
					[
						78090.9090909092,
						1,
						0
					],
					[
						78090.9090909092,
						2,
						0
					],
					[
						78090.9090909092,
						3,
						0
					],
					[
						78181.8181818182,
						0,
						0
					],
					[
						78181.8181818182,
						1,
						0
					],
					[
						78181.8181818182,
						2,
						0
					],
					[
						78181.8181818182,
						3,
						0
					],
					[
						78272.7272727274,
						3,
						0
					],
					[
						78272.7272727274,
						2,
						0
					],
					[
						78272.7272727274,
						1,
						0
					],
					[
						78272.7272727274,
						0,
						0
					],
					[
						78363.6363636364,
						0,
						0
					],
					[
						78363.6363636364,
						1,
						0
					],
					[
						78363.6363636364,
						2,
						0
					],
					[
						78363.6363636364,
						3,
						0
					],
					[
						78454.5454545455,
						3,
						0
					],
					[
						78454.5454545455,
						2,
						0
					],
					[
						78454.5454545455,
						1,
						0
					],
					[
						78454.5454545455,
						0,
						0
					],
					[
						78545.4545454546,
						0,
						0
					],
					[
						78545.4545454546,
						1,
						0
					],
					[
						78545.4545454546,
						2,
						0
					],
					[
						78545.4545454546,
						3,
						0
					],
					[
						78636.3636363637,
						3,
						0
					],
					[
						78636.3636363637,
						2,
						0
					],
					[
						78636.3636363637,
						1,
						0
					],
					[
						78636.3636363637,
						0,
						0
					],
					[
						78727.2727272727,
						0,
						0
					],
					[
						78727.2727272727,
						1,
						0
					],
					[
						78727.2727272727,
						2,
						0
					],
					[
						78727.2727272727,
						3,
						0
					],
					[
						78818.1818181819,
						0,
						0
					],
					[
						78818.1818181819,
						1,
						0
					],
					[
						78818.1818181819,
						2,
						0
					],
					[
						78818.1818181819,
						3,
						0
					],
					[
						78909.0909090909,
						0,
						92
					],
					[
						78909.0909090909,
						1,
						91
					],
					[
						78909.0909090909,
						2,
						91
					],
					[
						78909.0909090909,
						3,
						91
					],
					[
						79090.9090909091,
						0,
						91
					],
					[
						79090.9090909091,
						1,
						91
					],
					[
						79090.9090909091,
						2,
						91
					],
					[
						79090.9090909091,
						3,
						91
					]
				],
				"typeOfSection": 0,
				"gfSection": false,
				"bpm": 173,
				"changeBPM": false
			},
			{
				"sectionBeats": 4,
				"altAnim": false,
				"mustHitSection": true,
				"lengthInSteps": 16,
				"sectionNotes": [
					[
						79272.7272727273,
						4,
						637
					],
					[
						79272.7272727273,
						5,
						637
					],
					[
						79272.7272727273,
						6,
						637
					],
					[
						79272.7272727273,
						7,
						637
					],
					[
						79272.7272727273,
						1,
						91
					],
					[
						79454.5454545455,
						0,
						91
					],
					[
						79636.3636363637,
						2,
						91
					],
					[
						79818.1818181819,
						1,
						91
					],
					[
						80000,
						0,
						91
					],
					[
						80181.8181818182,
						2,
						91
					],
					[
						80363.6363636364,
						1,
						0
					],
					[
						80454.5454545455,
						0,
						0
					],
					[
						80545.4545454546,
						2,
						91
					]
				],
				"typeOfSection": 0,
				"gfSection": true,
				"bpm": 173,
				"changeBPM": false
			},
			{
				"sectionBeats": 4,
				"altAnim": false,
				"mustHitSection": true,
				"lengthInSteps": 16,
				"sectionNotes": [
					[
						80727.2727272728,
						1,
						91
					],
					[
						80909.0909090909,
						3,
						91
					],
					[
						81090.9090909091,
						0,
						91
					],
					[
						81272.7272727273,
						1,
						91
					],
					[
						81454.5454545455,
						0,
						91
					],
					[
						81636.3636363637,
						3,
						91
					],
					[
						81818.1818181819,
						2,
						91
					],
					[
						82000,
						0,
						91
					]
				],
				"typeOfSection": 0,
				"gfSection": true,
				"bpm": 173,
				"changeBPM": false
			},
			{
				"sectionBeats": 4,
				"altAnim": false,
				"mustHitSection": true,
				"lengthInSteps": 16,
				"sectionNotes": [
					[
						82181.8181818182,
						3,
						1365
					],
					[
						82818.1818181819,
						1,
						728
					]
				],
				"typeOfSection": 0,
				"gfSection": true,
				"bpm": 173,
				"changeBPM": false
			},
			{
				"sectionBeats": 4,
				"altAnim": false,
				"mustHitSection": false,
				"lengthInSteps": 16,
				"sectionNotes": [
					[
						83636.3636363637,
						0,
						1365
					],
					[
						83636.3636363637,
						1,
						1366
					],
					[
						83636.3636363637,
						2,
						1365
					],
					[
						83636.3636363637,
						3,
						1366
					]
				],
				"typeOfSection": 0,
				"gfSection": false,
				"bpm": 173,
				"changeBPM": false
			},
			{
				"sectionBeats": 4,
				"altAnim": false,
				"mustHitSection": false,
				"lengthInSteps": 16,
				"sectionNotes": [
					[
						85090.9090909091,
						0,
						1365
					],
					[
						85090.9090909091,
						1,
						1366
					],
					[
						85090.9090909091,
						2,
						1365
					],
					[
						85090.9090909091,
						3,
						1366
					]
				],
				"typeOfSection": 0,
				"gfSection": false,
				"bpm": 173,
				"changeBPM": false
			},
			{
				"sectionBeats": 4,
				"altAnim": false,
				"mustHitSection": false,
				"lengthInSteps": 16,
				"sectionNotes": [
					[
						86545.4545454546,
						0,
						1365
					],
					[
						86545.4545454546,
						1,
						1366
					],
					[
						86545.4545454546,
						2,
						1365
					],
					[
						86545.4545454546,
						3,
						1366
					]
				],
				"typeOfSection": 0,
				"gfSection": false,
				"bpm": 173,
				"changeBPM": false
			},
			{
				"sectionBeats": 4,
				"altAnim": false,
				"mustHitSection": false,
				"lengthInSteps": 16,
				"sectionNotes": [
					[
						88000,
						0,
						1365
					],
					[
						88000,
						1,
						1366
					],
					[
						88000,
						2,
						1365
					],
					[
						88000,
						3,
						1366
					]
				],
				"typeOfSection": 0,
				"gfSection": false,
				"bpm": 173,
				"changeBPM": false
			},
			{
				"sectionBeats": 4,
				"altAnim": false,
				"mustHitSection": false,
				"lengthInSteps": 16,
				"sectionNotes": [
					[
						89454.5454545455,
						2,
						274
					],
					[
						89818.1818181819,
						0,
						91
					],
					[
						90000,
						1,
						91
					],
					[
						90181.8181818182,
						2,
						273
					],
					[
						90545.4545454546,
						3,
						273
					]
				],
				"typeOfSection": 0,
				"gfSection": false,
				"bpm": 173,
				"changeBPM": false
			},
			{
				"sectionBeats": 4,
				"altAnim": false,
				"mustHitSection": false,
				"lengthInSteps": 16,
				"sectionNotes": [
					[
						90909.090909091,
						0,
						91
					],
					[
						91090.9090909091,
						1,
						0
					],
					[
						91181.8181818182,
						3,
						0
					],
					[
						91272.7272727273,
						2,
						91
					],
					[
						91454.5454545455,
						1,
						91
					],
					[
						91636.3636363637,
						0,
						273
					],
					[
						92000,
						2,
						273
					],
					[
						92181.8181818182,
						1,
						91
					]
				],
				"typeOfSection": 0,
				"gfSection": false,
				"bpm": 173,
				"changeBPM": false
			},
			{
				"sectionBeats": 4,
				"altAnim": false,
				"mustHitSection": false,
				"lengthInSteps": 16,
				"sectionNotes": [
					[
						92363.6363636364,
						3,
						273
					],
					[
						92727.2727272728,
						1,
						273
					],
					[
						93090.9090909091,
						3,
						273
					],
					[
						93454.5454545455,
						1,
						273
					]
				],
				"typeOfSection": 0,
				"gfSection": false,
				"bpm": 173,
				"changeBPM": false
			},
			{
				"sectionBeats": 4,
				"altAnim": false,
				"mustHitSection": false,
				"lengthInSteps": 16,
				"sectionNotes": [
					[
						93818.1818181819,
						0,
						91
					],
					[
						94000,
						1,
						91
					],
					[
						94181.8181818182,
						0,
						91
					],
					[
						94363.6363636364,
						2,
						91
					],
					[
						94545.4545454546,
						0,
						273
					],
					[
						94909.090909091,
						3,
						273
					]
				],
				"typeOfSection": 0,
				"gfSection": false,
				"bpm": 173,
				"changeBPM": false
			},
			{
				"sectionBeats": 4,
				"altAnim": false,
				"mustHitSection": true,
				"lengthInSteps": 16,
				"sectionNotes": [
					[
						95272.7272727273,
						4,
						645
					],
					[
						95272.7272727273,
						5,
						641
					],
					[
						95272.7272727273,
						6,
						641
					],
					[
						95272.7272727273,
						7,
						641
					],
					[
						95272.7272727273,
						2,
						274
					],
					[
						95636.3636363637,
						0,
						91
					],
					[
						95818.1818181819,
						1,
						91
					],
					[
						96000,
						2,
						273
					],
					[
						96363.6363636364,
						3,
						273
					]
				],
				"typeOfSection": 0,
				"gfSection": true,
				"bpm": 173,
				"changeBPM": false
			},
			{
				"sectionBeats": 4,
				"altAnim": false,
				"mustHitSection": true,
				"lengthInSteps": 16,
				"sectionNotes": [
					[
						96727.2727272728,
						0,
						91
					],
					[
						96909.090909091,
						1,
						0
					],
					[
						97000.0000000001,
						3,
						0
					],
					[
						97090.9090909091,
						2,
						91
					],
					[
						97272.7272727273,
						1,
						91
					],
					[
						97454.5454545455,
						0,
						273
					],
					[
						97818.1818181819,
						2,
						273
					],
					[
						98000.0000000001,
						1,
						91
					],
					[
						96727.2727272728,
						4,
						546
					],
					[
						96727.2727272728,
						5,
						546
					],
					[
						96727.2727272728,
						6,
						546
					],
					[
						96727.2727272728,
						7,
						546
					]
				],
				"typeOfSection": 0,
				"gfSection": true,
				"bpm": 173,
				"changeBPM": false
			},
			{
				"sectionBeats": 4,
				"altAnim": false,
				"mustHitSection": true,
				"lengthInSteps": 16,
				"sectionNotes": [
					[
						98181.8181818182,
						3,
						273
					],
					[
						98545.4545454546,
						1,
						273
					],
					[
						98909.090909091,
						3,
						273
					],
					[
						99272.7272727273,
						1,
						273
					],
					[
						98181.8181818182,
						4,
						546
					],
					[
						98181.8181818182,
						5,
						546
					],
					[
						98181.8181818182,
						6,
						546
					],
					[
						98181.8181818182,
						7,
						546
					]
				],
				"typeOfSection": 0,
				"gfSection": true,
				"bpm": 173,
				"changeBPM": false
			},
			{
				"sectionBeats": 4,
				"altAnim": false,
				"mustHitSection": true,
				"lengthInSteps": 16,
				"sectionNotes": [
					[
						99636.3636363637,
						0,
						91
					],
					[
						99818.1818181819,
						1,
						91
					],
					[
						100000,
						0,
						91
					],
					[
						100181.818181818,
						2,
						91
					],
					[
						100363.636363636,
						0,
						273
					],
					[
						100727.272727273,
						3,
						273
					],
					[
						99636.3636363637,
						4,
						546
					],
					[
						99636.3636363637,
						5,
						546
					],
					[
						99636.3636363637,
						6,
						546
					],
					[
						99636.3636363637,
						7,
						546
					]
				],
				"typeOfSection": 0,
				"gfSection": true,
				"bpm": 173,
				"changeBPM": false
			},
			{
				"sectionBeats": 4,
				"altAnim": false,
				"mustHitSection": false,
				"lengthInSteps": 16,
				"sectionNotes": [
					[
						101090.909090909,
						0,
						0
					],
					[
						101181.818181818,
						3,
						0
					],
					[
						101272.727272727,
						1,
						91
					],
					[
						101454.545454546,
						2,
						91
					],
					[
						101636.363636364,
						3,
						91
					],
					[
						101818.181818182,
						1,
						0
					],
					[
						101909.090909091,
						0,
						0
					],
					[
						102000,
						3,
						91
					],
					[
						102181.818181818,
						2,
						91
					],
					[
						102363.636363636,
						0,
						91
					],
					[
						101090.909090909,
						6,
						637,
						"GF Sing"
					]
				],
				"typeOfSection": 0,
				"gfSection": false,
				"bpm": 173,
				"changeBPM": false
			},
			{
				"sectionBeats": 4,
				"altAnim": false,
				"mustHitSection": false,
				"lengthInSteps": 16,
				"sectionNotes": [
					[
						102545.454545455,
						1,
						0
					],
					[
						102636.363636364,
						0,
						0
					],
					[
						102727.272727273,
						2,
						0
					],
					[
						102818.181818182,
						0,
						0
					],
					[
						102909.090909091,
						3,
						0
					],
					[
						103000,
						1,
						0
					],
					[
						103090.909090909,
						3,
						0
					],
					[
						103181.818181818,
						2,
						0
					],
					[
						103545.454545455,
						1,
						91
					],
					[
						103818.181818182,
						2,
						91
					],
					[
						103272.727272727,
						0,
						91
					]
				],
				"typeOfSection": 0,
				"gfSection": false,
				"bpm": 173,
				"changeBPM": false
			},
			{
				"sectionBeats": 4,
				"altAnim": false,
				"mustHitSection": false,
				"lengthInSteps": 16,
				"sectionNotes": [
					[
						104181.818181818,
						2,
						0
					],
					[
						104272.727272727,
						3,
						0
					],
					[
						104363.636363636,
						2,
						91
					],
					[
						104545.454545455,
						3,
						91
					],
					[
						104000,
						3,
						91
					],
					[
						104727.272727273,
						2,
						91
					],
					[
						104909.090909091,
						3,
						91
					],
					[
						105090.909090909,
						0,
						273
					],
					[
						105272.727272727,
						1,
						91
					]
				],
				"typeOfSection": 0,
				"gfSection": false,
				"bpm": 173,
				"changeBPM": false
			},
			{
				"sectionBeats": 4,
				"altAnim": false,
				"mustHitSection": false,
				"lengthInSteps": 16,
				"sectionNotes": [
					[
						105454.545454546,
						3,
						0
					],
					[
						105636.363636364,
						2,
						0
					],
					[
						105727.272727273,
						3,
						0
					],
					[
						105818.181818182,
						2,
						91
					],
					[
						106000,
						3,
						91
					],
					[
						106181.818181818,
						2,
						91
					],
					[
						106363.636363636,
						3,
						91
					],
					[
						106545.454545455,
						0,
						273
					],
					[
						106727.272727273,
						1,
						91
					]
				],
				"typeOfSection": 0,
				"gfSection": false,
				"bpm": 173,
				"changeBPM": false
			},
			{
				"sectionBeats": 4,
				"altAnim": false,
				"mustHitSection": true,
				"lengthInSteps": 16,
				"sectionNotes": [
					[
						106909.090909091,
						0,
						0
					],
					[
						107000,
						3,
						0
					],
					[
						107090.909090909,
						1,
						91
					],
					[
						107272.727272727,
						2,
						91
					],
					[
						107454.545454546,
						3,
						91
					],
					[
						107636.363636364,
						1,
						0
					],
					[
						107727.272727273,
						0,
						0
					],
					[
						107818.181818182,
						3,
						91
					],
					[
						108000,
						2,
						91
					],
					[
						108181.818181818,
						0,
						91
					],
					[
						106909.090909091,
						4,
						546
					],
					[
						106909.090909091,
						5,
						546
					],
					[
						106909.090909091,
						6,
						546
					],
					[
						106909.090909091,
						7,
						546
					]
				],
				"typeOfSection": 0,
				"gfSection": true,
				"bpm": 173,
				"changeBPM": false
			},
			{
				"sectionBeats": 4,
				"altAnim": false,
				"mustHitSection": true,
				"lengthInSteps": 16,
				"sectionNotes": [
					[
						108363.636363636,
						1,
						0
					],
					[
						108454.545454546,
						0,
						0
					],
					[
						108545.454545455,
						2,
						0
					],
					[
						108636.363636364,
						0,
						0
					],
					[
						108727.272727273,
						3,
						0
					],
					[
						108818.181818182,
						1,
						0
					],
					[
						108909.090909091,
						3,
						0
					],
					[
						109000,
						2,
						0
					],
					[
						109363.636363636,
						1,
						91
					],
					[
						109636.363636364,
						2,
						91
					],
					[
						109090.909090909,
						0,
						91
					],
					[
						108363.636363636,
						4,
						546
					],
					[
						108363.636363636,
						5,
						546
					],
					[
						108363.636363636,
						6,
						546
					],
					[
						108363.636363636,
						7,
						546
					]
				],
				"typeOfSection": 0,
				"gfSection": true,
				"bpm": 173,
				"changeBPM": false
			},
			{
				"sectionBeats": 4,
				"altAnim": false,
				"mustHitSection": true,
				"lengthInSteps": 16,
				"sectionNotes": [
					[
						110000,
						2,
						0
					],
					[
						110090.909090909,
						3,
						0
					],
					[
						110181.818181818,
						2,
						91
					],
					[
						110363.636363636,
						3,
						91
					],
					[
						109818.181818182,
						3,
						91
					],
					[
						110545.454545455,
						2,
						91
					],
					[
						110727.272727273,
						3,
						91
					],
					[
						110909.090909091,
						0,
						273
					],
					[
						111090.909090909,
						1,
						91
					],
					[
						109818.181818182,
						4,
						546
					],
					[
						109818.181818182,
						5,
						546
					],
					[
						109818.181818182,
						6,
						546
					],
					[
						109818.181818182,
						7,
						546
					]
				],
				"typeOfSection": 0,
				"gfSection": true,
				"bpm": 173,
				"changeBPM": false
			},
			{
				"sectionBeats": 4,
				"altAnim": false,
				"mustHitSection": true,
				"lengthInSteps": 16,
				"sectionNotes": [
					[
						111272.727272727,
						3,
						0
					],
					[
						111454.545454546,
						2,
						0
					],
					[
						111545.454545455,
						3,
						0
					],
					[
						111636.363636364,
						2,
						91
					],
					[
						111818.181818182,
						3,
						91
					],
					[
						112000,
						2,
						91
					],
					[
						112181.818181818,
						3,
						91
					],
					[
						112363.636363636,
						0,
						273
					],
					[
						112545.454545455,
						1,
						91
					],
					[
						111272.727272727,
						4,
						546
					],
					[
						111272.727272727,
						5,
						546
					],
					[
						111272.727272727,
						6,
						546
					],
					[
						111272.727272727,
						7,
						546
					],
					[
						112000,
						4,
						637
					],
					[
						112000,
						5,
						637
					],
					[
						112000,
						6,
						637
					],
					[
						112000,
						7,
						637
					]
				],
				"typeOfSection": 0,
				"gfSection": true,
				"bpm": 173,
				"changeBPM": false
			},
			{
				"sectionBeats": 4,
				"altAnim": false,
				"mustHitSection": false,
				"lengthInSteps": 16,
				"sectionNotes": [
					[
						112727.272727273,
						3,
						91
					],
					[
						112909.090909091,
						1,
						0
					],
					[
						113000,
						3,
						91
					],
					[
						113181.818181818,
						1,
						0
					],
					[
						113272.727272727,
						3,
						91
					],
					[
						113454.545454546,
						1,
						0
					],
					[
						113545.454545455,
						0,
						0
					],
					[
						113636.363636364,
						2,
						91
					],
					[
						113818.181818182,
						1,
						91
					],
					[
						114000,
						3,
						91
					]
				],
				"typeOfSection": 0,
				"gfSection": false,
				"bpm": 173,
				"changeBPM": false
			},
			{
				"sectionBeats": 4,
				"altAnim": false,
				"mustHitSection": false,
				"lengthInSteps": 16,
				"sectionNotes": [
					[
						114181.818181818,
						0,
						1365
					],
					[
						114181.818181818,
						1,
						1365
					],
					[
						114181.818181818,
						2,
						1365
					],
					[
						114181.818181818,
						3,
						1365
					],
					[
						114181.818181818,
						4,
						1365,
						"GF Sing"
					]
				],
				"typeOfSection": 0,
				"gfSection": false,
				"bpm": 173,
				"changeBPM": false
			},
			{
				"sectionBeats": 4,
				"altAnim": false,
				"mustHitSection": false,
				"lengthInSteps": 16,
				"sectionNotes": [],
				"typeOfSection": 0,
				"gfSection": false,
				"bpm": 173,
				"changeBPM": false
			},
			{
				"sectionBeats": 4,
				"altAnim": false,
				"mustHitSection": false,
				"lengthInSteps": 16,
				"sectionNotes": [],
				"typeOfSection": 0,
				"gfSection": false,
				"bpm": 173,
				"changeBPM": false
			},
			{
				"sectionBeats": 4,
				"sectionNotes": [],
				"typeOfSection": 0,
				"gfSection": false,
				"altAnim": false,
				"mustHitSection": true,
				"changeBPM": false,
				"bpm": 173
			},
			{
				"sectionBeats": 4,
				"sectionNotes": [],
				"typeOfSection": 0,
				"gfSection": false,
				"altAnim": false,
				"mustHitSection": true,
				"changeBPM": false,
				"bpm": 173
			},
			{
				"sectionBeats": 4,
				"sectionNotes": [],
				"typeOfSection": 0,
				"gfSection": false,
				"altAnim": false,
				"mustHitSection": false,
				"changeBPM": false,
				"bpm": 173
			},
			{
				"sectionBeats": 4,
				"sectionNotes": [],
				"typeOfSection": 0,
				"gfSection": false,
				"altAnim": false,
				"mustHitSection": false,
				"changeBPM": false,
				"bpm": 173
			},
			{
				"sectionBeats": 4,
				"sectionNotes": [],
				"typeOfSection": 0,
				"gfSection": false,
				"altAnim": false,
				"mustHitSection": true,
				"changeBPM": false,
				"bpm": 173
			},
			{
				"sectionBeats": 4,
				"sectionNotes": [],
				"typeOfSection": 0,
				"gfSection": false,
				"altAnim": false,
				"mustHitSection": true,
				"changeBPM": false,
				"bpm": 173
			},
			{
				"sectionBeats": 4,
				"sectionNotes": [],
				"typeOfSection": 0,
				"gfSection": false,
				"altAnim": false,
				"mustHitSection": false,
				"changeBPM": false,
				"bpm": 173
			},
			{
				"sectionBeats": 4,
				"sectionNotes": [],
				"typeOfSection": 0,
				"gfSection": false,
				"altAnim": false,
				"mustHitSection": false,
				"changeBPM": false,
				"bpm": 173
			},
			{
				"sectionBeats": 4,
				"sectionNotes": [],
				"typeOfSection": 0,
				"gfSection": false,
				"altAnim": false,
				"mustHitSection": true,
				"changeBPM": false,
				"bpm": 173
			},
			{
				"sectionBeats": 4,
				"sectionNotes": [],
				"typeOfSection": 0,
				"gfSection": false,
				"altAnim": false,
				"mustHitSection": true,
				"changeBPM": false,
				"bpm": 173
			},
			{
				"sectionBeats": 4,
				"sectionNotes": [],
				"typeOfSection": 0,
				"gfSection": false,
				"altAnim": false,
				"mustHitSection": false,
				"changeBPM": false,
				"bpm": 173
			},
			{
				"sectionBeats": 4,
				"sectionNotes": [],
				"typeOfSection": 0,
				"gfSection": false,
				"altAnim": false,
				"mustHitSection": false,
				"changeBPM": false,
				"bpm": 173
			},
			{
				"sectionBeats": 4,
				"sectionNotes": [],
				"typeOfSection": 0,
				"gfSection": false,
				"altAnim": false,
				"mustHitSection": true,
				"changeBPM": false,
				"bpm": 173
			},
			{
				"sectionBeats": 4,
				"sectionNotes": [],
				"typeOfSection": 0,
				"gfSection": false,
				"altAnim": false,
				"mustHitSection": true,
				"changeBPM": false,
				"bpm": 173
			},
			{
				"sectionBeats": 4,
				"sectionNotes": [],
				"typeOfSection": 0,
				"gfSection": false,
				"altAnim": false,
				"mustHitSection": false,
				"changeBPM": false,
				"bpm": 173
			},
			{
				"sectionBeats": 4,
				"sectionNotes": [],
				"typeOfSection": 0,
				"gfSection": false,
				"altAnim": false,
				"mustHitSection": true,
				"changeBPM": false,
				"bpm": 173
			},
			{
				"sectionBeats": 4,
				"sectionNotes": [],
				"typeOfSection": 0,
				"gfSection": false,
				"altAnim": false,
				"mustHitSection": true,
				"changeBPM": false,
				"bpm": 173
			},
			{
				"sectionBeats": 4,
				"sectionNotes": [],
				"typeOfSection": 0,
				"gfSection": false,
				"altAnim": false,
				"mustHitSection": true,
				"changeBPM": false,
				"bpm": 173
			},
			{
				"sectionBeats": 4,
				"sectionNotes": [],
				"typeOfSection": 0,
				"gfSection": false,
				"altAnim": false,
				"mustHitSection": true,
				"changeBPM": false,
				"bpm": 173
			},
			{
				"sectionBeats": 4,
				"sectionNotes": [],
				"typeOfSection": 0,
				"gfSection": false,
				"altAnim": false,
				"mustHitSection": true,
				"changeBPM": false,
				"bpm": 173
			},
			{
				"sectionBeats": 4,
				"sectionNotes": [],
				"typeOfSection": 0,
				"gfSection": false,
				"altAnim": false,
				"mustHitSection": true,
				"changeBPM": false,
				"bpm": 173
			},
			{
				"sectionBeats": 4,
				"sectionNotes": [],
				"typeOfSection": 0,
				"gfSection": false,
				"altAnim": false,
				"mustHitSection": true,
				"changeBPM": false,
				"bpm": 173
			},
			{
				"sectionBeats": 4,
				"sectionNotes": [],
				"typeOfSection": 0,
				"gfSection": false,
				"altAnim": false,
				"mustHitSection": true,
				"changeBPM": false,
				"bpm": 173
			},
			{
				"sectionBeats": 4,
				"sectionNotes": [],
				"typeOfSection": 0,
				"gfSection": false,
				"altAnim": false,
				"mustHitSection": true,
				"changeBPM": false,
				"bpm": 173
			},
			{
				"sectionBeats": 4,
				"sectionNotes": [],
				"typeOfSection": 0,
				"gfSection": false,
				"altAnim": false,
				"mustHitSection": true,
				"changeBPM": false,
				"bpm": 173
			},
			{
				"typeOfSection": 0,
				"sectionNotes": [],
				"sectionBeats": 4,
				"altAnim": false,
				"gfSection": false,
				"bpm": 173,
				"changeBPM": false,
				"mustHitSection": true
			},
			{
				"typeOfSection": 0,
				"sectionNotes": [],
				"sectionBeats": 4,
				"altAnim": false,
				"gfSection": false,
				"bpm": 140,
				"changeBPM": false,
				"mustHitSection": true
			},
			{
				"typeOfSection": 0,
				"sectionNotes": [],
				"sectionBeats": 4,
				"altAnim": false,
				"gfSection": false,
				"bpm": 140,
				"changeBPM": false,
				"mustHitSection": true
			},
			{
				"typeOfSection": 0,
				"sectionNotes": [],
				"sectionBeats": 4,
				"altAnim": false,
				"gfSection": false,
				"bpm": 140,
				"changeBPM": false,
				"mustHitSection": true
			},
			{
				"typeOfSection": 0,
				"sectionNotes": [],
				"sectionBeats": 4,
				"altAnim": false,
				"gfSection": false,
				"bpm": 140,
				"changeBPM": false,
				"mustHitSection": true
			},
			{
				"typeOfSection": 0,
				"sectionNotes": [],
				"sectionBeats": 4,
				"altAnim": false,
				"gfSection": false,
				"bpm": 140,
				"changeBPM": false,
				"mustHitSection": true
			},
			{
				"typeOfSection": 0,
				"sectionNotes": [],
				"sectionBeats": 4,
				"altAnim": false,
				"gfSection": false,
				"bpm": 140,
				"changeBPM": false,
				"mustHitSection": true
			},
			{
				"typeOfSection": 0,
				"sectionNotes": [],
				"sectionBeats": 4,
				"altAnim": false,
				"gfSection": false,
				"bpm": 140,
				"changeBPM": false,
				"mustHitSection": true
			},
			{
				"typeOfSection": 0,
				"sectionNotes": [],
				"sectionBeats": 4,
				"altAnim": false,
				"gfSection": false,
				"bpm": 140,
				"changeBPM": false,
				"mustHitSection": true
			},
			{
				"typeOfSection": 0,
				"sectionNotes": [],
				"sectionBeats": 4,
				"altAnim": false,
				"gfSection": false,
				"bpm": 140,
				"changeBPM": false,
				"mustHitSection": true
			},
			{
				"typeOfSection": 0,
				"sectionNotes": [],
				"sectionBeats": 4,
				"altAnim": false,
				"gfSection": false,
				"bpm": 140,
				"changeBPM": false,
				"mustHitSection": true
			},
			{
				"typeOfSection": 0,
				"sectionNotes": [],
				"sectionBeats": 4,
				"altAnim": false,
				"gfSection": false,
				"bpm": 140,
				"changeBPM": false,
				"mustHitSection": true
			},
			{
				"typeOfSection": 0,
				"sectionNotes": [],
				"sectionBeats": 4,
				"altAnim": false,
				"gfSection": false,
				"bpm": 140,
				"changeBPM": false,
				"mustHitSection": true
			},
			{
				"typeOfSection": 0,
				"sectionNotes": [],
				"sectionBeats": 4,
				"altAnim": false,
				"gfSection": false,
				"bpm": 140,
				"changeBPM": false,
				"mustHitSection": true
			},
			{
				"sectionNotes": [],
				"typeOfSection": 0,
				"lengthInSteps": 16,
				"gfSection": false,
				"altAnim": false,
				"mustHitSection": true,
				"changeBPM": false,
				"bpm": 140
			},
			{
				"typeOfSection": 0,
				"sectionNotes": [],
				"sectionBeats": 4,
				"altAnim": false,
				"gfSection": false,
				"bpm": 140,
				"changeBPM": false,
				"mustHitSection": true
			},
			{
				"sectionBeats": 4,
				"sectionNotes": [],
				"typeOfSection": 0,
				"gfSection": false,
				"altAnim": false,
				"mustHitSection": true,
				"changeBPM": false,
				"bpm": 140
			},
			{
				"sectionBeats": 4,
				"sectionNotes": [],
				"typeOfSection": 0,
				"gfSection": false,
				"altAnim": false,
				"mustHitSection": true,
				"changeBPM": false,
				"bpm": 130
			},
			{
				"sectionBeats": 4,
				"sectionNotes": [],
				"typeOfSection": 0,
				"gfSection": false,
				"altAnim": false,
				"mustHitSection": true,
				"changeBPM": false,
				"bpm": 130
			},
			{
				"sectionBeats": 4,
				"sectionNotes": [],
				"typeOfSection": 0,
				"gfSection": false,
				"altAnim": false,
				"mustHitSection": true,
				"changeBPM": false,
				"bpm": 130
			},
			{
				"sectionBeats": 4,
				"sectionNotes": [],
				"typeOfSection": 0,
				"gfSection": false,
				"altAnim": false,
				"mustHitSection": true,
				"changeBPM": false,
				"bpm": 130
			},
			{
				"sectionBeats": 4,
				"sectionNotes": [],
				"typeOfSection": 0,
				"gfSection": false,
				"altAnim": false,
				"mustHitSection": true,
				"changeBPM": false,
				"bpm": 130
			},
			{
				"typeOfSection": 0,
				"sectionNotes": [],
				"sectionBeats": 4,
				"altAnim": false,
				"gfSection": false,
				"bpm": 130,
				"changeBPM": false,
				"mustHitSection": true
			},
			{
				"typeOfSection": 0,
				"sectionNotes": [],
				"sectionBeats": 4,
				"altAnim": false,
				"gfSection": false,
				"bpm": 130,
				"changeBPM": false,
				"mustHitSection": true
			},
			{
				"typeOfSection": 0,
				"sectionNotes": [],
				"sectionBeats": 4,
				"altAnim": false,
				"gfSection": false,
				"bpm": 130,
				"changeBPM": false,
				"mustHitSection": true
			},
			{
				"typeOfSection": 0,
				"sectionNotes": [],
				"sectionBeats": 4,
				"altAnim": false,
				"gfSection": false,
				"bpm": 130,
				"changeBPM": false,
				"mustHitSection": true
			},
			{
				"typeOfSection": 0,
				"sectionNotes": [],
				"sectionBeats": 4,
				"altAnim": false,
				"gfSection": false,
				"bpm": 130,
				"changeBPM": false,
				"mustHitSection": true
			},
			{
				"typeOfSection": 0,
				"sectionNotes": [],
				"sectionBeats": 4,
				"altAnim": false,
				"gfSection": false,
				"bpm": 130,
				"changeBPM": false,
				"mustHitSection": true
			},
			{
				"typeOfSection": 0,
				"sectionNotes": [],
				"sectionBeats": 4,
				"altAnim": false,
				"gfSection": false,
				"bpm": 130,
				"changeBPM": false,
				"mustHitSection": true
			},
			{
				"typeOfSection": 0,
				"sectionNotes": [],
				"sectionBeats": 4,
				"altAnim": false,
				"gfSection": false,
				"bpm": 130,
				"changeBPM": false,
				"mustHitSection": true
			},
			{
				"typeOfSection": 0,
				"sectionNotes": [],
				"sectionBeats": 4,
				"altAnim": false,
				"gfSection": false,
				"bpm": 130,
				"changeBPM": false,
				"mustHitSection": true
			},
			{
				"typeOfSection": 0,
				"sectionNotes": [],
				"sectionBeats": 4,
				"altAnim": false,
				"gfSection": false,
				"bpm": 130,
				"changeBPM": false,
				"mustHitSection": true
			},
			{
				"sectionBeats": 4,
				"sectionNotes": [],
				"typeOfSection": 0,
				"gfSection": false,
				"altAnim": false,
				"mustHitSection": true,
				"changeBPM": false,
				"bpm": 130
			},
			{
				"sectionBeats": 4,
				"sectionNotes": [],
				"typeOfSection": 0,
				"gfSection": false,
				"altAnim": false,
				"mustHitSection": true,
				"changeBPM": false,
				"bpm": 130
			},
			{
				"sectionBeats": 4,
				"sectionNotes": [],
				"typeOfSection": 0,
				"gfSection": false,
				"altAnim": false,
				"mustHitSection": true,
				"changeBPM": false,
				"bpm": 130
			},
			{
				"typeOfSection": 0,
				"sectionNotes": [],
				"sectionBeats": 4,
				"altAnim": false,
				"gfSection": false,
				"bpm": 130,
				"changeBPM": false,
				"mustHitSection": true
			},
			{
				"sectionBeats": 4,
				"sectionNotes": [],
				"typeOfSection": 0,
				"gfSection": false,
				"altAnim": false,
				"mustHitSection": true,
				"changeBPM": false,
				"bpm": 130
			},
			{
				"sectionBeats": 4,
				"sectionNotes": [],
				"typeOfSection": 0,
				"gfSection": false,
				"altAnim": false,
				"mustHitSection": true,
				"changeBPM": false,
				"bpm": 130
			}
		],
		"gfVersion": "plexi-mason",
		"events": [
			[
				0,
				[
					[
						"Bitto's zoom event",
						"custom",
						"0.7,1.0,expoOut"
					]
				]
			],
			[
				90.9090909090909,
				[
					[
						"HUD Fade",
						"off",
						"0.1"
					]
				]
			],
			[
				4909.09090909091,
				[
					[
						"HUD Fade",
						"on",
						"3"
					]
				]
			],
			[
				5454.54545454545,
				[
					[
						[
							"Screen Shake",
							"0.8, 0.03",
							""
						],
						"jumpscare",
						"",
						""
					]
				]
			],
			[
				5636.36363636364,
				[
					[
						"Screen Shake",
						"0.8, 0.03",
						""
					],
					[
						"jumpscare",
						"",
						""
					]
				]
			],
			[
				5818.18181818182,
				[
					[
						"Screen Shake",
						"0.8, 0.03",
						""
					],
					[
						"jumpscare",
						"",
						""
					]
				]
			],
			[
				12727.2727272727,
				[
					[
						"Screen Shake",
						"0.8, 0.03",
						""
					],
					[
						"jumpscare",
						"",
						""
					]
				]
			],
			[
				14181.8181818182,
				[
					[
						"Screen Shake",
						"0.8, 0.03",
						""
					],
					[
						"jumpscare",
						"",
						""
					]
				]
			],
			[
				15636.3636363636,
				[
					[
						"Screen Shake",
						"0.8, 0.03",
						""
					],
					[
						"jumpscare",
						"",
						""
					]
				]
			],
			[
				17090.9090909091,
				[
					[
						"Screen Shake",
						"0.8, 0.03",
						""
					],
					[
						"jumpscare",
						"",
						""
					]
				]
			],
			[
				29090.9090909091,
				[
					[
						"Screen Shake",
						"0.8, 0.03",
						""
					],
					[
						"jumpscare",
						"",
						""
					]
				]
			],
			[
				34181.8181818182,
				[
					[
						"Screen Shake",
						"0.8, 0.03",
						""
					],
					[
						"jumpscare",
						"",
						""
					]
				]
			],
			[
				45818.1818181818,
				[
					[
						"Screen Shake",
						"0.8, 0.03",
						""
					],
					[
						"jumpscare",
						"",
						""
					]
				]
			],
			[
				46181.8181818182,
				[
					[
						"Screen Shake",
						"0.8, 0.03",
						""
					],
					[
						"jumpscare",
						"",
						""
					]
				]
			],
			[
				46545.4545454546,
				[
					[
						"Bitto's zoom event",
						"custom",
						"1.0,0.5,expoIn"
					],
					[
						"Lyrics Opp Side",
						"NO",
						"1"
					]
				]
			],
			[
				46727.2727272727,
				[
					[
						"Lyrics Opp Side",
						"NO ONE",
						"1"
					]
				]
			],
			[
				46909.0909090909,
				[
					[
						"Lyrics Opp Side",
						"NO ONE CAN",
						"1"
					]
				]
			],
			[
				47000,
				[
					[
						"Lyrics Opp Side",
						"NO ONE CAN DE",
						"1"
					]
				]
			],
			[
				47090.9090909091,
				[
					[
						"Lyrics Opp Side",
						"NO ONE CAN DEFEAT",
						"1"
					]
				]
			],
			[
				47272.7272727273,
				[
					[
						"Lyrics Opp Side",
						"NO ONE CAN DEFEAT ME",
						"1"
					]
				]
			],
			[
				47545.4545454546,
				[
					[
						"Lyrics Opp Side",
						"A",
						"1"
					]
				]
			],
			[
				47636.3636363637,
				[
					[
						"Lyrics Opp Side",
						"A GOD",
						"1"
					]
				]
			],
			[
				47727.2727272727,
				[
					[
						"Lyrics Opp Side",
						"A GOD I",
						"1"
					]
				]
			],
			[
				47818.1818181818,
				[
					[
						"Lyrics Opp Side",
						"A GOD I AM",
						"1"
					]
				]
			],
			[
				48000,
				[
					[
						"Lyrics Opp Side",
						"THIS  ",
						"1"
					]
				]
			],
			[
				48181.8181818182,
				[
					[
						"Lyrics Opp Side",
						"THIS IS",
						"1"
					]
				]
			],
			[
				48363.6363636364,
				[
					[
						"Lyrics Opp Side",
						"THIS IS MY",
						"1"
					]
				]
			],
			[
				48727.2727272727,
				[
					[
						"Lyrics Opp Side",
						"THIS IS MY WORLD",
						"2"
					]
				]
			],
			[
				49454.5454545455,
				[
					[
						"Lyrics Opp Side",
						"NOT",
						"2"
					]
				]
			],
			[
				49636.3636363637,
				[
					[
						"Lyrics Opp Side",
						"NOT E",
						"2"
					]
				]
			],
			[
				49727.2727272727,
				[
					[
						"Lyrics Opp Side",
						"NOT EVEN",
						"2"
					]
				]
			],
			[
				49818.1818181818,
				[
					[
						"Lyrics Opp Side",
						"NOT EVEN YOUR",
						"2"
					]
				]
			],
			[
				50000,
				[
					[
						"Lyrics Opp Side",
						"NOT EVEN YOUR MI",
						"2"
					]
				]
			],
			[
				50181.8181818182,
				[
					[
						"Lyrics Opp Side",
						"NOT EVEN YOUR MICRO",
						"2"
					]
				]
			],
			[
				50363.6363636364,
				[
					[
						"Lyrics Opp Side",
						"NOT EVEN YOUR MICROPHONE",
						"2"
					]
				]
			],
			[
				50545.4545454546,
				[
					[
						"Lyrics Opp Side",
						"NOT EVEN YOUR MICROPHONE CAN",
						"2"
					]
				]
			],
			[
				50727.2727272727,
				[
					[
						"Lyrics Opp Side",
						"NOT EVEN YOUR MICROPHONE CAN BEAT",
						"2"
					]
				]
			],
			[
				50909.0909090909,
				[
					[
						"Lyrics Opp Side",
						"NOT EVEN YOUR MICROPHONE CAN BEAT ME",
						"2"
					]
				]
			],
			[
				51090.9090909091,
				[
					[
						"Lyrics Opp Side",
						"BE",
						"2"
					]
				]
			],
			[
				51272.7272727273,
				[
					[
						"Lyrics Opp Side",
						"BECAUSE",
						"2"
					]
				]
			],
			[
				51454.5454545455,
				[
					[
						"Lyrics Opp Side",
						"BECAUSE THE",
						"2"
					]
				]
			],
			[
				51636.3636363637,
				[
					[
						"Lyrics Opp Side",
						"BECAUSE THE CHAM",
						"2"
					]
				]
			],
			[
				51818.1818181818,
				[
					[
						"Lyrics Opp Side",
						"BECAUSE THE CHAMPION",
						"2"
					]
				]
			],
			[
				52000,
				[
					[
						"jumpscare",
						"",
						""
					],
					[
						"Lyrics Opp Side",
						"BECAUSE THE CHAMPION WILL",
						"2"
					]
				]
			],
			[
				52181.8181818182,
				[
					[
						"Lyrics Opp Side",
						"BECAUSE THE CHAMPION WILL BE",
						"2"
					]
				]
			],
			[
				52363.6363636364,
				[
					[
						"Bitto's zoom event",
						"custom",
						"0.7,0.5,expoOut"
					],
					[
						"Lyrics Bf Side",
						"e",
						"0.1"
					],
					[
						"Lyrics Opp Side",
						"ME!",
						"0.2"
					]
				]
			],
			[
				52454.5454545455,
				[
					[
						"Lyrics Bf Side",
						"e",
						"0.1"
					]
				]
			],
			[
				52545.4545454546,
				[
					[
						"Lyrics Bf Side",
						"a",
						"0.2"
					]
				]
			],
			[
				52727.2727272727,
				[
					[
						"Lyrics Bf Side",
						"ah",
						"0.2"
					]
				]
			],
			[
				52909.0909090909,
				[
					[
						"Lyrics Bf Side",
						"a",
						"0.2"
					]
				]
			],
			[
				53090.9090909091,
				[
					[
						"Lyrics Bf Side",
						"e",
						"0.1"
					]
				]
			],
			[
				53181.8181818182,
				[
					[
						"Lyrics Bf Side",
						"ae",
						"0.1"
					]
				]
			],
			[
				53272.7272727273,
				[
					[
						"Lyrics Bf Side",
						"ou",
						"0.2"
					]
				]
			],
			[
				53454.5454545455,
				[
					[
						"Lyrics Bf Side",
						"oo",
						"0.2"
					]
				]
			],
			[
				53636.3636363637,
				[
					[
						"Lyrics Bf Side",
						"aeh",
						"0.2"
					]
				]
			],
			[
				53818.1818181818,
				[
					[
						"Lyrics Bf Side",
						"u",
						"0.2"
					]
				]
			],
			[
				53909.0909090909,
				[
					[
						"Lyrics Bf Side",
						"ue",
						"0.2"
					]
				]
			],
			[
				54000,
				[
					[
						"Lyrics Bf Side",
						"uea",
						"0.2"
					]
				]
			],
			[
				54090.9090909091,
				[
					[
						"Lyrics Bf Side",
						"ueae",
						"0.2"
					]
				]
			],
			[
				54181.8181818182,
				[
					[
						"Lyrics Bf Side",
						"ueaeo",
						"0.2"
					]
				]
			],
			[
				54272.7272727273,
				[
					[
						"Lyrics Bf Side",
						"ueaeoa",
						"0.2"
					]
				]
			],
			[
				54363.6363636364,
				[
					[
						"Lyrics Bf Side",
						"ueaeoao",
						"0.2"
					]
				]
			],
			[
				54454.5454545455,
				[
					[
						"Lyrics Bf Side",
						"ueaeoaoa",
						"0.2"
					]
				]
			],
			[
				54545.4545454546,
				[
					[
						"Lyrics Bf Side",
						"eh",
						"0.2"
					]
				]
			],
			[
				54818.1818181818,
				[
					[
						"Lyrics Bf Side",
						"ouh",
						"0.2"
					]
				]
			],
			[
				55090.9090909091,
				[
					[
						"Lyrics Bf Side",
						"aa",
						"0.2"
					]
				]
			],
			[
				55272.7272727273,
				[
					[
						"Lyrics Bf Side",
						"a",
						"0.2"
					]
				]
			],
			[
				55454.5454545455,
				[
					[
						"Lyrics Bf Side",
						"aa",
						"0.2"
					]
				]
			],
			[
				55545.4545454546,
				[
					[
						"Lyrics Bf Side",
						"aaa",
						"0.2"
					]
				]
			],
			[
				55636.3636363637,
				[
					[
						"Lyrics Bf Side",
						"aaaa",
						"0.2"
					]
				]
			],
			[
				55818.1818181818,
				[
					[
						"Lyrics Bf Side",
						"aaaaa",
						"0.2"
					]
				]
			],
			[
				56000,
				[
					[
						"Lyrics Bf Side",
						"aaaaaa",
						"0.2"
					]
				]
			],
			[
				56181.8181818182,
				[
					[
						"Lyrics Bf Side",
						"aaaaaaa",
						"0.2"
					]
				]
			],
			[
				56363.6363636364,
				[
					[
						"Lyrics Bf Side",
						"oooo",
						"0.2"
					]
				]
			],
			[
				56545.4545454546,
				[
					[
						"Lyrics Bf Side",
						"oouu",
						"0.2"
					]
				]
			],
			[
				56727.2727272728,
				[
					[
						"Lyrics Bf Side",
						"a",
						"0.1"
					]
				]
			],
			[
				56909.0909090909,
				[
					[
						"Lyrics Bf Side",
						"aa",
						"0.2"
					]
				]
			],
			[
				57000,
				[
					[
						"Lyrics Bf Side",
						"aaa",
						"0.2"
					]
				]
			],
			[
				57090.9090909091,
				[
					[
						"Lyrics Bf Side",
						"aaaa",
						"0.2"
					]
				]
			],
			[
				57272.7272727273,
				[
					[
						"Lyrics Bf Side",
						"aaaaa",
						"0.2"
					]
				]
			],
			[
				57454.5454545455,
				[
					[
						"Lyrics Bf Side",
						"aaaaaa",
						"0.2"
					]
				]
			],
			[
				57636.3636363637,
				[
					[
						"Lyrics Bf Side",
						"aaaaaaa",
						"0.2"
					]
				]
			],
			[
				57818.1818181818,
				[
					[
						"Lyrics Bf Side",
						"oooo",
						"0.2"
					]
				]
			],
			[
				58000,
				[
					[
						"Lyrics Bf Side",
						"oouu",
						"0.2"
					]
				]
			],
			[
				60000,
				[
					[
						"Screen Shake",
						"0.8, 0.03",
						""
					],
					[
						"jumpscare",
						"",
						""
					]
				]
			],
			[
				60727.2727272728,
				[
					[
						"Screen Shake",
						"0.8, 0.03",
						""
					],
					[
						"jumpscare",
						"",
						""
					]
				]
			],
			[
				64000,
				[
					[
						"Screen Shake",
						"0.8, 0.03",
						""
					],
					[
						"Screen Shake",
						"0.1.5, 0.03",
						""
					]
				]
			],
			[
				64000,
				[
					[
						"Screen Shake",
						"0.8, 0.03",
						""
					],
					[
						"jumpscare",
						"",
						""
					]
				]
			],
			[
				64090.9090909091,
				[
					[
						"Screen Shake",
						"0.8, 0.03",
						""
					],
					[
						"jumpscare",
						"",
						""
					]
				]
			],
			[
				64272.7272727273,
				[
					[
						"Screen Shake",
						"0.8, 0.03",
						""
					],
					[
						"jumpscare",
						"",
						""
					]
				]
			],
			[
				64545.4545454546,
				[
					[
						"Screen Shake",
						"0.8, 0.03",
						""
					],
					[
						"jumpscare",
						"",
						""
					]
				]
			],
			[
				64909.0909090909,
				[
					[
						"Screen Shake",
						"0.8, 0.03",
						""
					],
					[
						"jumpscare",
						"",
						""
					]
				]
			],
			[
				65090.9090909091,
				[
					[
						"Screen Shake",
						"0.8, 0.03",
						""
					],
					[
						"jumpscare",
						"",
						""
					]
				]
			],
			[
				69454.5454545455,
				[
					[
						"Screen Shake",
						"0.8, 0.03",
						""
					],
					[
						"jumpscare",
						"",
						""
					]
				]
			],
			[
				70545.4545454546,
				[
					[
						"Screen Shake",
						"0.8, 0.03",
						""
					],
					[
						"jumpscare",
						"",
						""
					]
				]
			],
			[
				70636.3636363637,
				[
					[
						"Screen Shake",
						"0.8, 0.03",
						""
					],
					[
						"jumpscare",
						"",
						""
					]
				]
			],
			[
				70727.2727272727,
				[
					[
						"Screen Shake",
						"0.8, 0.03",
						""
					],
					[
						"jumpscare",
						"",
						""
					]
				]
			],
			[
				70818.1818181819,
				[
					[
						"Screen Shake",
						"0.8, 0.03",
						""
					],
					[
						"jumpscare",
						"",
						""
					]
				]
			],
			[
				70909.0909090909,
				[
					[
						"Screen Shake",
						"0.8, 0.03",
						""
					],
					[
						"jumpscare",
						"",
						""
					]
				]
			],
			[
				71090.9090909091,
				[
					[
						"Screen Shake",
						"0.8, 0.03",
						""
					],
					[
						"jumpscare",
						"",
						""
					]
				]
			],
			[
				71181.8181818182,
				[
					[
						"Screen Shake",
						"0.8, 0.03",
						""
					],
					[
						"jumpscare",
						"",
						""
					]
				]
			],
			[
				71363.6363636364,
				[
					[
						"Screen Shake",
						"0.8, 0.03",
						""
					],
					[
						"jumpscare",
						"",
						""
					]
				]
			],
			[
				71454.5454545455,
				[
					[
						"Screen Shake",
						"0.8, 0.03",
						""
					],
					[
						"jumpscare",
						"",
						""
					]
				]
			],
			[
				71636.3636363637,
				[
					[
						"Screen Shake",
						"0.8, 0.03",
						""
					],
					[
						"jumpscare",
						"",
						""
					]
				]
			],
			[
				71727.2727272727,
				[
					[
						"Screen Shake",
						"0.8, 0.03",
						""
					],
					[
						"jumpscare",
						"",
						""
					]
				]
			],
			[
				71818.1818181819,
				[
					[
						"Screen Shake",
						"0.8, 0.03",
						""
					],
					[
						"jumpscare",
						"",
						""
					]
				]
			],
			[
				72000,
				[
					[
						"Screen Shake",
						"0.8, 0.03",
						""
					],
					[
						"jumpscare",
						"",
						""
					]
				]
			],
			[
				72181.8181818182,
				[
					[
						"Screen Shake",
						"0.8, 0.03",
						""
					],
					[
						"jumpscare",
						"",
						""
					]
				]
			],
			[
				72363.6363636364,
				[
					[
						"Screen Shake",
						"0.8, 0.03",
						""
					],
					[
						"jumpscare",
						"",
						""
					]
				]
			],
			[
				72454.5454545455,
				[
					[
						"Screen Shake",
						"0.8, 0.03",
						""
					],
					[
						"jumpscare",
						"",
						""
					]
				]
			],
			[
				72545.4545454546,
				[
					[
						"Screen Shake",
						"0.8, 0.03",
						""
					],
					[
						"jumpscare",
						"",
						""
					]
				]
			],
			[
				72727.2727272727,
				[
					[
						"Screen Shake",
						"0.8, 0.03",
						""
					],
					[
						"jumpscare",
						"",
						""
					]
				]
			],
			[
				72909.0909090909,
				[
					[
						"Screen Shake",
						"0.8, 0.03",
						""
					],
					[
						"jumpscare",
						"",
						""
					]
				]
			],
			[
				73000,
				[
					[
						"Screen Shake",
						"0.8, 0.03",
						""
					],
					[
						"jumpscare",
						"",
						""
					]
				]
			],
			[
				73090.9090909091,
				[
					[
						"Screen Shake",
						"0.8, 0.03",
						""
					],
					[
						"jumpscare",
						"",
						""
					]
				]
			],
			[
				76363.6363636364,
				[
					[
						"Screen Shake",
						"0.8, 0.03",
						""
					],
					[
						"jumpscare",
						"",
						""
					]
				]
			],
			[
				76454.5454545455,
				[
					[
						"Screen Shake",
						"0.8, 0.03",
						""
					],
					[
						"jumpscare",
						"",
						""
					]
				]
			],
			[
				76545.4545454546,
				[
					[
						"Screen Shake",
						"0.8, 0.03",
						""
					],
					[
						"jumpscare",
						"",
						""
					]
				]
			],
			[
				76636.3636363637,
				[
					[
						"Screen Shake",
						"0.8, 0.03",
						""
					],
					[
						"jumpscare",
						"",
						""
					]
				]
			],
			[
				76727.2727272728,
				[
					[
						"Screen Shake",
						"0.8, 0.03",
						""
					],
					[
						"jumpscare",
						"",
						""
					]
				]
			],
			[
				76818.1818181819,
				[
					[
						"Screen Shake",
						"0.8, 0.03",
						""
					],
					[
						"jumpscare",
						"",
						""
					]
				]
			],
			[
				76909.0909090909,
				[
					[
						"Screen Shake",
						"0.8, 0.03",
						""
					],
					[
						"jumpscare",
						"",
						""
					]
				]
			],
			[
				77000,
				[
					[
						"Screen Shake",
						"0.8, 0.03",
						""
					],
					[
						"jumpscare",
						"",
						""
					]
				]
			],
			[
				77090.9090909091,
				[
					[
						"Screen Shake",
						"0.8, 0.03",
						""
					],
					[
						"jumpscare",
						"",
						""
					]
				]
			],
			[
				77181.8181818182,
				[
					[
						"Screen Shake",
						"0.8, 0.03",
						""
					],
					[
						"jumpscare",
						"",
						""
					]
				]
			],
			[
				77272.7272727273,
				[
					[
						"Screen Shake",
						"0.8, 0.03",
						""
					],
					[
						"jumpscare",
						"",
						""
					]
				]
			],
			[
				77363.6363636364,
				[
					[
						"Screen Shake",
						"0.8, 0.03",
						""
					],
					[
						"jumpscare",
						"",
						""
					]
				]
			],
			[
				77454.5454545455,
				[
					[
						"Screen Shake",
						"0.8, 0.03",
						""
					],
					[
						"jumpscare",
						"",
						""
					]
				]
			],
			[
				77545.4545454546,
				[
					[
						"Screen Shake",
						"0.8, 0.03",
						""
					],
					[
						"jumpscare",
						"",
						""
					]
				]
			],
			[
				77636.3636363637,
				[
					[
						"Screen Shake",
						"0.8, 0.03",
						""
					],
					[
						"jumpscare",
						"",
						""
					]
				]
			],
			[
				77727.2727272728,
				[
					[
						"Screen Shake",
						"0.8, 0.03",
						""
					],
					[
						"jumpscare",
						"",
						""
					]
				]
			],
			[
				77818.1818181819,
				[
					[
						"Screen Shake",
						"0.8, 0.03",
						""
					],
					[
						"jumpscare",
						"",
						""
					]
				]
			],
			[
				77909.0909090909,
				[
					[
						"Screen Shake",
						"0.8, 0.03",
						""
					],
					[
						"jumpscare",
						"",
						""
					]
				]
			],
			[
				78000,
				[
					[
						"Screen Shake",
						"0.8, 0.03",
						""
					],
					[
						"jumpscare",
						"",
						""
					]
				]
			],
			[
				78090.9090909091,
				[
					[
						"Screen Shake",
						"0.8, 0.03",
						""
					],
					[
						"jumpscare",
						"",
						""
					]
				]
			],
			[
				78181.8181818182,
				[
					[
						"Screen Shake",
						"0.8, 0.03",
						""
					],
					[
						"jumpscare",
						"",
						""
					]
				]
			],
			[
				78272.7272727273,
				[
					[
						"Screen Shake",
						"0.8, 0.03",
						""
					],
					[
						"jumpscare",
						"",
						""
					]
				]
			],
			[
				78363.6363636364,
				[
					[
						"Screen Shake",
						"0.8, 0.03",
						""
					],
					[
						"jumpscare",
						"",
						""
					]
				]
			],
			[
				78454.5454545455,
				[
					[
						"Screen Shake",
						"0.8, 0.03",
						""
					],
					[
						"jumpscare",
						"",
						""
					]
				]
			],
			[
				78545.4545454546,
				[
					[
						"Screen Shake",
						"0.8, 0.03",
						""
					],
					[
						"jumpscare",
						"",
						""
					]
				]
			],
			[
				78636.3636363637,
				[
					[
						"Screen Shake",
						"0.8, 0.03",
						""
					],
					[
						"jumpscare",
						"",
						""
					]
				]
			],
			[
				78727.2727272728,
				[
					[
						"Screen Shake",
						"0.8, 0.03",
						""
					],
					[
						"jumpscare",
						"",
						""
					]
				]
			],
			[
				78818.1818181819,
				[
					[
						"Screen Shake",
						"0.8, 0.03",
						""
					],
					[
						"jumpscare",
						"",
						""
					]
				]
			],
			[
				78909.0909090909,
				[
					[
						"Screen Shake",
						"0.8, 0.03",
						""
					],
					[
						"jumpscare",
						"",
						""
					]
				]
			],
			[
				79090.9090909091,
				[
					[
						"Screen Shake",
						"0.8, 0.03",
						""
					],
					[
						"jumpscare",
						"",
						""
					]
				]
			],
			[
				83636.3636363637,
				[
					[
						"Screen Shake",
						"0.8, 0.03",
						""
					],
					[
						"jumpscare",
						"",
						""
					]
				]
			],
			[
				85090.9090909091,
				[
					[
						"Screen Shake",
						"0.8, 0.03",
						""
					],
					[
						"jumpscare",
						"",
						""
					]
				]
			],
			[
				86545.4545454546,
				[
					[
						"Screen Shake",
						"0.8, 0.03",
						""
					],
					[
						"jumpscare",
						"",
						""
					]
				]
			],
			[
				88000,
				[
					[
						"Screen Shake",
						"0.8, 0.03",
						""
					],
					[
						"jumpscare",
						"",
						""
					]
				]
			],
			[
				95272.7272727273,
				[
					[
						"Screen Shake",
						"0.8, 0.03",
						""
					],
					[
						"jumpscare",
						"",
						""
					]
				]
			],
			[
				96727.2727272728,
				[
					[
						"Screen Shake",
						"0.8, 0.03",
						""
					],
					[
						"jumpscare",
						"",
						""
					]
				]
			],
			[
				98181.8181818182,
				[
					[
						"Screen Shake",
						"0.8, 0.03",
						""
					],
					[
						"jumpscare",
						"",
						""
					]
				]
			],
			[
				99636.3636363637,
				[
					[
						"Screen Shake",
						"0.8, 0.03",
						""
					],
					[
						"jumpscare",
						"",
						""
					]
				]
			],
			[
				106909.090909091,
				[
					[
						"Screen Shake",
						"0.8, 0.03",
						""
					],
					[
						"jumpscare",
						"",
						""
					]
				]
			],
			[
				108363.636363636,
				[
					[
						"Screen Shake",
						"0.8, 0.03",
						""
					],
					[
						"jumpscare",
						"",
						""
					]
				]
			],
			[
				109818.181818182,
				[
					[
						"Screen Shake",
						"0.8, 0.03",
						""
					],
					[
						"jumpscare",
						"",
						""
					]
				]
			],
			[
				111272.727272727,
				[
					[
						"Screen Shake",
						"0.8, 0.03",
						""
					],
					[
						"jumpscare",
						"",
						""
					]
				]
			],
			[
				112000,
				[
					[
						"Screen Shake",
						"0.8, 0.03",
						""
					],
					[
						"jumpscare",
						"",
						""
					]
				]
			],
			[
				114181.818181818,
				[
					[
						"Screen Shake",
						"0.8, 0.03",
						""
					],
					[
						"jumpscare",
						"",
						""
					]
				]
			]
		],
		"player3": null,
		"disableNoteRGB": true,
		"splashSkin": "noteSplashes",
		"song": "iason mason",
		"validScore": true,
		"needsVoices": true,
		"stage": "mansion",
		"arrowSkin": "Mario_NOTE_assets",
		"speed": 3.2,
		"bpm": 165
	}
}